log_M, ah, gh, qtil, b,  N,f
-2.15714, 9.95377, 0.183205, 1.02483e-006 ,0.00439529, 189.244 ,-703.019
-2.04674, 9.94909, 0.195651, 0.000204133 ,0.736124, 204.67 ,-701.708
-2.00425, 10.0252, 0.219437, 0.00019477 ,0.191439, 250.143 ,-700.996
-2.11708, 10.0179, 0.143476, 0.000209782 ,0.869403, 170.781 ,-700.993
-2.28232, 9.96675, 0.24106, 6.19242e-005 ,0.997053, 132.886 ,-701.607
-2.34754, 10.0571, 0.200702, 3.84296e-005 ,1.33306, 118.331 ,-700.608
-2.07095, 10.031, 0.20364, 6.32357e-005 ,0.651098, 244.096 ,-702.087
-2.27039, 10.0103, 0.213375, 4.84054e-005 ,1.09423, 189.792 ,-700.862
-2.068, 10.0007, 0.170263, 1.25023e-005 ,0.170776, 242.134 ,-702.388
-2.07534, 10.2174, 0.218519, 0.000153756 ,0.0449495, 167.277 ,-698.808
-2.46355, 10.1181, 0.318038, 0.000306153 ,0.229767, 65.8049 ,-697.17
-2.27207, 9.82384, 0.196388, 0.000211879 ,0.291003, 129.738 ,-701.684
-2.2534, 9.84582, 0.16275, 0.000180477 ,0.762897, 147.603 ,-702.105
-2.19303, 9.97078, 0.101273, 0.000169103 ,0.205056, 144.038 ,-698.779
-2.14747, 9.9086, 0.136997, 5.59455e-005 ,0.149803, 197.568 ,-701.981
-2.31497, 9.9062, 0.185352, 0.00037798 ,0.467988, 151.853 ,-701.941
-2.1893, 9.93388, 0.202208, 0.000518175 ,0.49532, 207.17 ,-702.256
-2.44987, 9.69829, 0.145283, 0.000546973 ,0.460387, 85.1144 ,-699.114
-2.2645, 9.927, 0.167067, 0.000715079 ,1.07137, 238.631 ,-697.838
-2.15006, 10.0935, 0.271879, 0.000649882 ,0.44725, 206.058 ,-700.255
-2.08358, 9.87611, 0.133265, 0.00100549 ,0.587176, 243.534 ,-700.447
-2.08619, 10.0414, 0.177361, 0.000801132 ,0.366241, 268.989 ,-701.291
-2.14783, 10.0414, 0.204415, 0.000805146 ,0.241619, 159.261 ,-702.167
-2.15304, 9.95269, 0.167737, 0.000664718 ,0.787993, 193.103 ,-702.434
-2.18592, 9.87202, 0.173097, 0.0005664 ,0.274728, 162.08 ,-702.462
-2.23868, 9.92717, 0.183938, 0.000557237 ,0.339657, 124.831 ,-701.866
-2.20141, 10.0208, 0.173408, 0.000571957 ,0.606876, 184.664 ,-702.049
-2.04535, 9.97389, 0.137381, 0.000399443 ,0.0981698, 237.169 ,-701.443
-2.11477, 9.93941, 0.244564, 0.000186357 ,0.196678, 192.193 ,-700.976
-2.22445, 9.81875, 0.150425, 0.000555703 ,0.0988342, 213.34 ,-700.919
-2.25268, 10.0329, 0.185081, 0.000543546 ,0.387953, 223.96 ,-699.336
-2.23101, 9.77778, 0.117753, 0.000539782 ,0.192117, 165.619 ,-700.052
-2.16171, 9.93101, 0.170636, 0.000414767 ,0.711524, 169.074 ,-702.551
-2.41162, 9.57512, 0.130985, 0.000336092 ,0.94921, 81.6334 ,-698.038
-2.02242, 9.97785, 0.182467, 1.2977e-005 ,1.27065, 243.168 ,-701.758
-2.17396, 9.99517, 0.191224, 0.000154111 ,0.205875, 224.911 ,-702.102
-2.26086, 9.8657, 0.198196, 0.000285347 ,0.548431, 137.666 ,-702.116
-2.26033, 9.92707, 0.186248, 0.000402866 ,0.767598, 161.868 ,-702.361
-2.04237, 9.95836, 0.137132, 4.82893e-006 ,0.763792, 229.679 ,-701.354
-2.21024, 9.81658, 0.182945, 0.000173323 ,1.46638, 153.518 ,-699.1
-2.137, 9.80991, 0.202444, 0.000178814 ,1.05121, 181.626 ,-700.351
-2.26195, 9.86699, 0.201575, 0.000214453 ,0.232602, 155.733 ,-702.197
-2.56705, 10.3048, 0.351848, 0.000513379 ,0.0635996, 84.1669 ,-695.442
-2.21883, 9.96577, 0.256011, 0.000389619 ,0.375756, 127.762 ,-700.928
-2.20627, 10.0902, 0.186967, 0.000568619 ,0.874363, 174.69 ,-700.738
-2.27861, 9.85735, 0.246588, 0.000314047 ,0.323148, 169.747 ,-699.744
-2.15776, 9.90555, 0.193001, 0.000304169 ,0.496052, 225.27 ,-702.158
-2.51842, 9.95741, 0.176334, 0.000200272 ,0.974344, 68.2768 ,-697.767
-2.33633, 10.2908, 0.323654, 0.000188748 ,0.756732, 113.765 ,-698.222
-2.0985, 9.8909, 0.167613, 0.000216836 ,0.215918, 197.219 ,-702.227
-2.11743, 9.98623, 0.226644, 3.03049e-005 ,0.544387, 214.798 ,-702.069
-2.16122, 9.67485, 0.146726, 8.35508e-005 ,0.880481, 172.188 ,-699.551
-1.9408, 9.99905, 0.177152, 5.08808e-005 ,0.407672, 280.807 ,-700.02
-2.25813, 10.0345, 0.222948, 0.000118528 ,0.961841, 138.936 ,-701.852
-2.40243, 9.51528, 0.0645096, 7.16233e-005 ,1.34626, 110.851 ,-696.449
-2.13566, 9.89187, 0.194523, 2.81297e-005 ,0.0111245, 271.889 ,-700.65
-2.37234, 9.82648, 0.159068, 3.01317e-005 ,1.56324, 142.183 ,-700.519
-2.35707, 9.79236, 0.188922, 1.34597e-005 ,1.08399, 108.442 ,-700.995
-2.21725, 9.8661, 0.130671, 8.39624e-005 ,1.15985, 142.924 ,-700.644
-2.13352, 9.97523, 0.176217, 0.000110663 ,1.20781, 250.121 ,-701.399
-2.13644, 9.96441, 0.194533, 0.000394528 ,0.642602, 131.284 ,-700.802
-2.22965, 9.95864, 0.21152, 0.000658512 ,0.746959, 193.653 ,-701.666
-2.10852, 9.90995, 0.171579, 0.000421042 ,0.101495, 188.738 ,-702.46
-2.30811, 9.40323, 0.0916005, 0.000547086 ,0.248871, 110.021 ,-698.927
-2.30889, 9.77782, 0.228784, 0.000701267 ,0.274264, 152.65 ,-699.583
-2.12615, 9.90422, 0.180149, 0.00069017 ,0.276377, 177.209 ,-702.434
-2.14738, 9.92081, 0.221508, 0.000537538 ,0.498799, 197.847 ,-701.915
-2.20213, 9.99453, 0.25549, 0.00054375 ,0.270787, 218.154 ,-699.818
-2.29894, 9.70528, 0.155717, 0.000629484 ,0.767938, 164.475 ,-700.23
-2.22771, 10.221, 0.263806, 0.000731397 ,0.746784, 130.249 ,-699.506
-2.2243, 9.93808, 0.215558, 0.000771882 ,0.446627, 152.736 ,-702.367
-2.07832, 9.98754, 0.120878, 0.000696756 ,0.409334, 230 ,-700.716
-2.26096, 10.0524, 0.249918, 0.000809155 ,0.678693, 144.711 ,-701.265
-2.16057, 9.95228, 0.180355, 0.000860741 ,0.370249, 223.67 ,-702.471
-2.29656, 10.0589, 0.344913, 0.000641742 ,0.972959, 142.929 ,-696.846
-2.0859, 10.1447, 0.276149, 0.000713512 ,0.737662, 161.516 ,-699.429
-2.06514, 10.2471, 0.323078, 0.000582962 ,0.0625458, 209.972 ,-697.312
-2.23835, 9.83078, 0.121132, 0.000675946 ,0.0717062, 172.33 ,-700.561
-2.07092, 10.0058, 0.100478, 0.000417898 ,0.681942, 327.038 ,-696.472
-2.23475, 10.0277, 0.164486, 0.000495157 ,0.149645, 158.293 ,-701.719
-2.35939, 9.87291, 0.161061, 0.000746912 ,0.373699, 151.195 ,-700.938
-2.28321, 9.79818, 0.201467, 0.000623184 ,0.327488, 141.428 ,-701.402
-2.1898, 10.07, 0.147491, 0.000465905 ,0.734717, 226.84 ,-698.756
-1.96956, 10.0361, 0.184221, 1.45559e-005 ,0.676175, 231.199 ,-700.471
-2.2724, 9.91932, 0.19775, 3.35019e-005 ,0.705371, 168.486 ,-702.205
-2.22635, 10.0746, 0.247929, 0.00022994 ,0.486959, 103.45 ,-699.828
-2.36155, 10.0661, 0.218733, 0.000176629 ,0.296033, 111.943 ,-700.657
-2.09785, 10.1084, 0.258733, 0.000221908 ,0.315412, 176.552 ,-700.907
-2.06895, 9.89642, 0.143541, 0.000284582 ,0.699379, 210.353 ,-701.214
-2.28186, 9.94923, 0.179798, 0.000354806 ,0.143152, 133.59 ,-702.216
-2.1704, 10.1295, 0.189987, 0.000315217 ,0.588268, 180.036 ,-700.551
-2.11142, 9.77673, 0.162014, 0.000106695 ,0.782789, 219.262 ,-700.377
-2.16425, 10.0439, 0.24875, 5.30655e-005 ,0.205146, 156.782 ,-701.716
-2.45486, 9.63126, 0.146696, 0.000285898 ,0.171916, 98.0985 ,-699.574
-2.06916, 9.94397, 0.178054, 0.000566967 ,0.606439, 214.067 ,-702.269
-2.27765, 9.78552, 0.178885, 0.000174009 ,0.226236, 128.006 ,-701.472
-2.06171, 10.0066, 0.148609, 0.000233635 ,0.484206, 211.665 ,-701.685
-2.07802, 9.98979, 0.206523, 0.000311121 ,0.169113, 239.224 ,-702.259
-2.19838, 10.2022, 0.189918, 0.000499249 ,1.25929, 164.557 ,-695.716
-2.13979, 9.85728, 0.159023, 0.000894075 ,0.501236, 258.665 ,-700.846
-2.32075, 9.90732, 0.252879, 0.00129695 ,1.04739, 126.248 ,-698.983
-2.1775, 9.96649, 0.249068, 0.00135639 ,0.079715, 193.816 ,-701.162
-2.03418, 9.97915, 0.201809, 0.00170182 ,0.438993, 197.906 ,-701.239
-2.40989, 9.9157, 0.206186, 0.00192444 ,0.136221, 85.9507 ,-700.015
-2.15682, 9.92623, 0.224612, 0.00161156 ,0.106885, 138.213 ,-701.133
-2.24784, 10.1398, 0.203334, 0.00135564 ,0.27106, 140.326 ,-700.358
-2.30889, 9.69245, 0.150865, 0.00147652 ,0.291577, 136.226 ,-700.675
-2.00426, 10.064, 0.201167, 0.00163303 ,0.117938, 226.649 ,-701.011
-2.22699, 9.9543, 0.203587, 0.00152554 ,0.427989, 168.777 ,-702.482
-2.1011, 10.0719, 0.185627, 0.00134651 ,0.251442, 204.508 ,-701.798
-2.05688, 10.1497, 0.212654, 0.00173564 ,0.355812, 194.985 ,-700.155
-2.27099, 10.0817, 0.201653, 0.0020422 ,0.0789061, 150.697 ,-701.142
-2.11314, 9.96554, 0.159277, 0.00248848 ,0.685242, 208.032 ,-701.5
-2.32035, 9.73081, 0.149297, 0.00251584 ,0.521646, 114.871 ,-700.188
-2.22023, 10.0663, 0.198435, 0.00253784 ,0.157692, 143.369 ,-701.65
-2.16944, 10.0875, 0.282201, 0.00260933 ,0.459255, 137.751 ,-699.998
-2.53063, 10.3444, 0.466221, 0.00240721 ,0.485353, 79.641 ,-694.214
-2.23631, 9.72285, 0.144224, 0.0025133 ,0.0789951, 165.637 ,-700.755
-2.1134, 9.99645, 0.227571, 0.00252945 ,0.667514, 164.456 ,-700.73
-2.29058, 9.39879, 0.102458, 0.00269429 ,0.0605287, 117.177 ,-698.558
-2.48182, 9.81634, 0.17175, 0.00250022 ,0.116304, 91.5311 ,-699.826
-2.30597, 9.89542, 0.166653, 0.00266989 ,0.143427, 130.871 ,-701.861
-2.30191, 9.80295, 0.139938, 0.00258457 ,0.28883, 155.191 ,-700.936
-2.1178, 9.90373, 0.183915, 0.00245298 ,0.534585, 221.871 ,-701.935
-2.0953, 9.91606, 0.198379, 0.00245988 ,0.270112, 308.186 ,-699.666
-2.1637, 9.83961, 0.154708, 0.0025776 ,0.447393, 164.406 ,-701.399
-2.0739, 9.98034, 0.213025, 0.00257761 ,0.171793, 221.243 ,-702.048
-2.28053, 9.97946, 0.234983, 0.00249191 ,0.102952, 147.923 ,-701.702
-2.16476, 9.81896, 0.192301, 0.00235219 ,0.341583, 223.488 ,-700.688
-2.10023, 9.92024, 0.117072, 0.00224312 ,0.0785773, 281.926 ,-699.49
-2.28405, 9.92346, 0.251162, 0.00203409 ,0.38501, 151.659 ,-700.726
-2.11008, 9.95123, 0.150321, 0.00181168 ,0.624004, 175.404 ,-701.305
-2.3148, 9.97048, 0.202518, 0.00192227 ,0.248158, 149.27 ,-701.688
-2.13411, 9.97403, 0.173929, 0.00173685 ,0.172819, 167.229 ,-702.41
-2.13769, 9.94887, 0.165324, 0.00166469 ,0.556647, 197.192 ,-702.45
-2.0163, 9.91655, 0.199724, 0.00183388 ,0.5011, 242.388 ,-700.443
-2.16869, 9.97851, 0.209621, 0.0012107 ,0.214403, 197.734 ,-702.568
-2.15856, 9.95904, 0.210047, 0.001391 ,0.745768, 166.748 ,-701.827
-2.03634, 9.99576, 0.159879, 0.00138169 ,0.137225, 271.646 ,-701.702
-2.2036, 9.8731, 0.172479, 0.00108586 ,0.291469, 218.672 ,-701.731
-2.24573, 9.93066, 0.148288, 0.000999712 ,0.0511232, 188.237 ,-701.735
-2.1457, 10.1782, 0.239338, 0.00115231 ,0.13423, 229.999 ,-698.988
-2.43949, 9.72869, 0.180199, 0.00102814 ,0.0663393, 114.535 ,-700.098
-2.2396, 9.96997, 0.177992, 0.0010466 ,0.510843, 214.953 ,-701.01
-2.35779, 9.77807, 0.214074, 0.000599769 ,0.692218, 111.848 ,-700.333
-2.25026, 10.0599, 0.205312, 0.000632998 ,0.368524, 167.468 ,-701.553
-2.11099, 10.0422, 0.149661, 0.000645202 ,0.533669, 220.838 ,-701.216
-2.18913, 9.75629, 0.203455, 0.000773345 ,0.00757077, 160.881 ,-700.235
-1.96692, 9.87256, 0.107532, 0.000548002 ,0.345771, 235.966 ,-695.316
-2.11391, 9.73156, 0.16869, 0.000474523 ,0.342669, 124.627 ,-697.363
-2.26893, 9.92499, 0.159283, 0.000441774 ,0.0707274, 172.553 ,-702.024
-2.155, 9.9922, 0.168301, 0.00056034 ,0.746567, 190.25 ,-702.402
-2.12362, 10.12, 0.215073, 0.000542349 ,0.550603, 194.092 ,-701.264
-2.18764, 9.93845, 0.192777, 0.000707704 ,0.851934, 176.145 ,-702.305
-2.36213, 9.26789, 0.0894459, 0.000601979 ,0.0983523, 95.4938 ,-696.635
-2.08508, 10.326, 0.26418, 0.000878953 ,0.612973, 167.107 ,-697.176
-2.21708, 10.102, 0.221538, 0.000703275 ,0.14173, 135.03 ,-701.308
-2.23494, 9.96651, 0.231549, 0.000644042 ,0.0771672, 132.224 ,-701.853
-2.18071, 9.85656, 0.238479, 0.000902206 ,0.13388, 138.85 ,-700.215
-1.9817, 10.0727, 0.204568, 0.000785238 ,0.35309, 301.795 ,-699.963
-2.39094, 9.81894, 0.213114, 0.000882264 ,0.709339, 155.643 ,-699.006
-2.35087, 9.60624, 0.172143, 0.00070922 ,0.360291, 108.598 ,-699.154
-2.01671, 10.0186, 0.140261, 0.00068569 ,0.698706, 309.536 ,-699.674
-2.10459, 9.83031, 0.155942, 0.000427705 ,1.01734, 178.142 ,-699.873
-2.30806, 9.80538, 0.135079, 0.000653248 ,0.624542, 161.129 ,-700.604
-2.42811, 9.29327, 0.0660927, 0.000456772 ,0.11158, 130.247 ,-698.815
-2.40849, 9.93224, 0.297274, 0.000238516 ,0.343997, 97.1778 ,-698.907
-2.14124, 9.9586, 0.202584, 0.000199897 ,0.964122, 191.275 ,-702.478
-2.06905, 9.98555, 0.156789, 0.000126213 ,1.12746, 279.015 ,-700.968
-2.52026, 9.97583, 0.213959, 0.000174564 ,1.02866, 116.611 ,-697.941
-2.27084, 9.64007, 0.146271, 0.000230781 ,0.0759758, 172.666 ,-699.768
-2.31167, 9.81807, 0.15996, 0.000377347 ,0.671698, 176.544 ,-700.799
-2.16308, 9.95075, 0.246952, 0.000638561 ,0.192842, 231.561 ,-699.96
-2.26698, 9.80403, 0.1387, 0.000782964 ,1.12174, 153.445 ,-699.36
-2.029, 9.93213, 0.234678, 0.000776208 ,0.0240148, 208.494 ,-699.781
-2.16649, 9.96526, 0.237627, 0.000934241 ,0.211135, 219.544 ,-701.055
-2.15581, 9.8456, 0.160207, 0.00131205 ,0.56606, 189.821 ,-701.829
-2.13103, 10.0903, 0.248794, 0.00144057 ,0.335293, 169.751 ,-701.354
-2.33124, 9.64355, 0.128562, 0.00124339 ,0.742972, 113.58 ,-699.356
-2.25941, 9.7939, 0.155509, 0.00132374 ,0.357493, 140.304 ,-701.49
-2.16304, 9.91627, 0.152442, 0.00171818 ,0.551149, 160.498 ,-701.753
-2.09194, 9.89597, 0.183922, 0.00121854 ,0.219346, 228.256 ,-702.133
-2.1275, 9.92541, 0.226894, 0.00142488 ,0.889502, 173.447 ,-699.966
-2.10037, 9.97004, 0.159181, 0.0015071 ,0.0236385, 196.125 ,-702.441
-2.2534, 9.98229, 0.110282, 0.00167665 ,0.182796, 190.731 ,-698.956
-2.42021, 9.44515, 0.10492, 0.00180298 ,0.317831, 113.016 ,-699.186
-2.28094, 10.0149, 0.239217, 0.00159221 ,0.543517, 119.764 ,-701.182
-2.18926, 9.88294, 0.209251, 0.00141683 ,0.2186, 154.425 ,-702.03
-2.26318, 9.89258, 0.191548, 0.00160553 ,0.575038, 177.241 ,-701.778
-2.29503, 10.2999, 0.269341, 0.00142554 ,0.477456, 90.6181 ,-697.354
-2.00877, 9.91026, 0.172438, 0.00137089 ,0.521849, 209.369 ,-700.257
-2.26081, 9.98706, 0.145737, 0.0013993 ,0.325744, 162.42 ,-701.303
-2.20992, 9.87995, 0.150727, 0.0013138 ,0.592746, 202.438 ,-701.628
-2.23929, 10.026, 0.217292, 0.00140286 ,0.132155, 163.943 ,-702.111
-2.1518, 10.0012, 0.155149, 0.00128491 ,0.167668, 248.99 ,-701.203
-2.49606, 9.21834, 0.0478629, 0.00132319 ,0.349946, 116.26 ,-698.254
-2.5481, 9.22652, 0.0681906, 0.00133886 ,0.802504, 86.0923 ,-697.19
-2.08825, 10.0504, 0.194511, 0.00141967 ,0.130647, 214.207 ,-702.201
-2.07756, 10.0116, 0.17676, 0.00157941 ,0.609016, 277.873 ,-701.115
-2.17483, 9.97723, 0.12265, 0.00156253 ,0.333768, 168.575 ,-700.81
-2.01394, 10.0576, 0.162201, 0.00134752 ,0.0559874, 237.513 ,-700.814
-2.22272, 10.067, 0.235991, 0.00138087 ,0.390936, 172.352 ,-701.511
-2.08418, 9.9223, 0.178847, 0.0012286 ,0.615832, 157.368 ,-700.657
-2.21889, 10.0187, 0.214389, 0.00109125 ,0.302421, 157.22 ,-702.354
-2.12752, 10.0824, 0.207985, 0.00117036 ,0.231099, 210.915 ,-701.749
-2.18307, 9.98822, 0.180351, 0.0010256 ,0.589137, 155.521 ,-702.299
-2.38671, 9.9412, 0.252204, 0.00112869 ,1.02704, 102.071 ,-699.234
-2.53931, 10.461, 0.355508, 0.000980392 ,0.633032, 74.7603 ,-694.703
-2.22782, 10.0116, 0.158287, 0.000882163 ,0.124589, 207.278 ,-700.886
-2.05248, 9.99411, 0.170157, 0.00114192 ,0.0437593, 242.36 ,-702.275
-2.3326, 9.88921, 0.195827, 0.00102694 ,0.507155, 126.883 ,-701.753
-2.27815, 9.88371, 0.190961, 0.000727042 ,0.957727, 153.011 ,-701.534
-1.94078, 10.0008, 0.176622, 0.00112363 ,0.441946, 337.434 ,-699.287
-2.32859, 9.5285, 0.129748, 0.000983465 ,0.552112, 93.3867 ,-698.085
-2.11314, 10.0599, 0.243142, 0.0011827 ,0.582777, 204.827 ,-701.301
-2.29931, 9.66445, 0.152015, 0.00145889 ,0.47735, 114.538 ,-699.849
-2.11333, 10.029, 0.200611, 0.00134171 ,0.858834, 164.29 ,-700.629
-2.26195, 10.0795, 0.266838, 0.00129908 ,0.169055, 143.76 ,-700.987
-2.18436, 10.09, 0.236948, 0.00128969 ,0.411321, 201.115 ,-700.992
-2.093, 9.89415, 0.11597, 0.00167421 ,0.191535, 214.235 ,-700.032
-2.34428, 9.93859, 0.147074, 0.00151211 ,0.510003, 100.547 ,-699.84
-2.22607, 9.8784, 0.159014, 0.0016993 ,0.258377, 198.136 ,-701.918
-2.19399, 9.83216, 0.199587, 0.00169351 ,0.157201, 147.252 ,-701.534
-2.13834, 10.0149, 0.189622, 0.0013215 ,0.0379972, 193.533 ,-702.716
-2.07946, 9.89541, 0.176217, 0.00150003 ,0.0230913, 223.231 ,-702.111
-2.17607, 9.98689, 0.218677, 0.001669 ,0.286906, 185.201 ,-702.43
-2.26767, 9.83892, 0.168653, 0.00155231 ,1.16705, 196.432 ,-697.05
-2.32894, 9.79794, 0.209918, 0.00159685 ,0.109569, 84.8978 ,-698.851
-2.48698, 10.1528, 0.18045, 0.00175104 ,0.193713, 87.5851 ,-696.558
-2.1261, 10.4194, 0.27765, 0.00170446 ,0.47127, 232.34 ,-692.095
-2.28097, 10.0754, 0.179264, 0.00140032 ,0.393158, 140.554 ,-700.689
-2.13646, 9.95781, 0.101293, 0.00125102 ,0.712975, 251.228 ,-698.172
-2.26618, 9.7889, 0.189199, 0.00117316 ,0.390565, 144.464 ,-701.504
-2.08268, 10.099, 0.270313, 0.001444 ,0.72498, 238.931 ,-698.82
-2.35675, 9.94126, 0.116613, 0.00131784 ,0.141847, 143.685 ,-699.097
-2.05685, 9.89315, 0.204259, 0.0018574 ,0.146694, 223.218 ,-701.103
-2.18369, 10.0086, 0.151038, 0.00183471 ,0.627872, 182.627 ,-701.382
-2.21512, 9.94099, 0.177101, 0.00178207 ,0.276821, 157.24 ,-702.639
-2.31035, 9.94864, 0.194299, 0.00176878 ,0.417014, 123.185 ,-701.773
-2.13469, 9.88046, 0.162728, 0.00165678 ,0.690764, 222.035 ,-701.509
-1.98402, 10.0106, 0.186143, 0.00187853 ,0.277634, 233.18 ,-700.862
-2.1496, 9.91285, 0.244867, 0.00183706 ,0.354348, 166.186 ,-700.738
-2.46827, 9.45932, 0.183029, 0.0017751 ,0.614353, 88.4673 ,-695.065
-2.22973, 9.92566, 0.153853, 0.00167248 ,0.0633596, 176.304 ,-702.297
-2.28253, 9.96846, 0.210345, 0.00203602 ,0.547373, 148.37 ,-701.842
-2.06251, 9.90791, 0.126772, 0.00195062 ,0.231908, 208.347 ,-700.381
-2.16269, 9.86313, 0.202173, 0.00214225 ,0.392454, 185.498 ,-701.829
-2.3948, 9.68738, 0.214059, 0.00211263 ,0.966502, 81.7621 ,-696.274
-2.31612, 9.86603, 0.146447, 0.00242412 ,0.143573, 180.394 ,-700.411
-2.01279, 10.0206, 0.185453, 0.00267188 ,0.0079791, 263.824 ,-701.563
-2.05789, 10.0313, 0.155165, 0.0025644 ,0.0314741, 282.756 ,-700.857
-2.15183, 9.94173, 0.216177, 0.00257327 ,0.643547, 207.384 ,-701.352
-2.23664, 9.91281, 0.234985, 0.00289181 ,0.185758, 153.513 ,-701.576
-2.00588, 10.1611, 0.190312, 0.00260016 ,0.130635, 158.358 ,-697.135
-2.15759, 9.75111, 0.195288, 0.00244949 ,0.438709, 179.049 ,-699.714
-2.0215, 9.9908, 0.13529, 0.002095 ,0.253604, 254.925 ,-700.805
-2.38999, 10.0139, 0.232663, 0.00186369 ,0.89796, 82.1482 ,-698.368
-2.32493, 9.83149, 0.164903, 0.00168755 ,0.0888898, 146.026 ,-701.621
-2.18327, 10.0261, 0.182406, 0.001706 ,0.697892, 214.073 ,-701.149
-2.13319, 9.85652, 0.196072, 0.00161463 ,0.477693, 256.768 ,-700.296
-2.5135, 9.95113, 0.357575, 0.001741 ,0.429597, 68.5628 ,-696.009
-2.31872, 9.81937, 0.179267, 0.0018996 ,0.39416, 100.925 ,-700.431
-2.37276, 9.64575, 0.18856, 0.00198555 ,0.0666418, 117.266 ,-699.308
-2.01987, 9.9416, 0.157953, 0.00215112 ,0.440583, 264.868 ,-701.126
-2.36734, 9.9309, 0.169729, 0.00211901 ,0.720614, 118.953 ,-700.606
-2.10581, 9.96364, 0.156794, 0.00214713 ,0.125721, 320.482 ,-699.8
-2.10981, 9.86861, 0.118011, 0.00225614 ,0.143554, 200.661 ,-699.988
-2.27845, 10.0809, 0.212579, 0.0023542 ,0.109011, 126.667 ,-701.159
-2.0917, 9.89732, 0.182603, 0.00240493 ,0.0271435, 228.832 ,-702.145
-2.17336, 10.0632, 0.223281, 0.00233152 ,0.0517626, 156.886 ,-701.985
-2.15438, 10.1366, 0.219722, 0.00234401 ,0.177075, 194.561 ,-700.817
-2.21512, 9.9254, 0.148431, 0.00215519 ,0.611081, 161.625 ,-701.675
-2.06089, 9.91626, 0.225905, 0.00190528 ,0.223973, 232.857 ,-700.466
-2.07704, 10.0104, 0.281125, 0.00197289 ,0.106405, 137.183 ,-697.9
-2.02848, 10.0779, 0.14841, 0.00199589 ,0.0675911, 269.771 ,-699.47
-2.48334, 9.43718, 0.133027, 0.00213739 ,0.0523544, 72.2826 ,-697.007
-2.49984, 9.32336, 0.0488695, 0.0019753 ,1.06391, 89.6579 ,-695.204
-2.07076, 9.92768, 0.18349, 0.00188421 ,0.827617, 206.647 ,-700.313
-2.26053, 9.97796, 0.270284, 0.00161784 ,0.685211, 129.192 ,-700.261
-2.11766, 9.87798, 0.180291, 0.00184602 ,0.191988, 194.133 ,-702.218
-2.20371, 9.93835, 0.184531, 0.00196248 ,0.113499, 182.771 ,-702.775
-2.13195, 10.0781, 0.204242, 0.00213213 ,0.17257, 162.898 ,-701.671
-2.11489, 10.0001, 0.214344, 0.00217432 ,0.631, 195.317 ,-701.772
-2.16878, 9.81862, 0.194195, 0.00200353 ,0.688789, 212.56 ,-700.289
-2.14451, 10.0795, 0.152812, 0.00198089 ,0.35262, 155.421 ,-700.04
-2.09099, 9.93594, 0.15935, 0.00193632 ,0.217696, 277.685 ,-701.546
-2.38241, 9.95038, 0.163799, 0.00188128 ,0.179841, 119.544 ,-700.79
-2.16133, 9.82611, 0.18336, 0.00151524 ,0.317226, 234.607 ,-700.853
-2.30509, 9.88687, 0.167925, 0.00146995 ,0.298297, 198.875 ,-700.171
-2.10979, 9.92162, 0.13219, 0.00151106 ,0.459234, 268.12 ,-700.598
-2.1739, 9.92008, 0.216119, 0.00169601 ,0.606746, 127.258 ,-700.543
-2.28533, 9.87018, 0.262758, 0.00170545 ,0.228423, 146.431 ,-699.701
-2.14048, 9.99296, 0.180825, 0.00198201 ,0.782948, 219.037 ,-701.299
-2.19977, 9.96979, 0.159258, 0.0020047 ,0.225683, 131.203 ,-701.31
-2.22637, 9.77578, 0.206974, 0.00205243 ,0.196879, 112.154 ,-699.436
-2.19956, 10.039, 0.163062, 0.00196049 ,0.128508, 154.786 ,-701.56
-2.21966, 9.93749, 0.181529, 0.00193084 ,0.064403, 242.287 ,-700.528
-2.12016, 9.85376, 0.183141, 0.00207078 ,0.295995, 189.688 ,-701.792
-2.13911, 10.0751, 0.161297, 0.00189576 ,0.10777, 238.379 ,-700.11
-2.05544, 10.1757, 0.228757, 0.00192544 ,0.0895395, 209.744 ,-699.892
-2.20177, 9.95838, 0.246666, 0.0017306 ,0.606686, 145.192 ,-701.079
-2.10447, 9.90828, 0.193799, 0.00214891 ,0.650851, 149.846 ,-700.199
-2.09636, 9.91009, 0.181961, 0.00212613 ,0.133246, 299.247 ,-700.54
-2.16356, 9.84818, 0.191161, 0.00238022 ,0.864044, 160.788 ,-699.669
-2.19703, 9.9624, 0.22228, 0.00243515 ,0.187957, 161.324 ,-702.319
-2.23827, 9.91626, 0.157612, 0.00243049 ,0.571591, 201.448 ,-701.234
-2.23101, 10.009, 0.241462, 0.00250122 ,0.481014, 215.913 ,-699.588
-2.14185, 10.0223, 0.183266, 0.00245413 ,0.286042, 206.892 ,-702.361
-2.31701, 9.89369, 0.235458, 0.00258126 ,0.45508, 141.87 ,-700.838
-2.18641, 9.90951, 0.21835, 0.00261712 ,0.502459, 218.362 ,-700.831
-2.11206, 10.0057, 0.214897, 0.00276592 ,0.16659, 160.96 ,-701.771
-2.34743, 9.40218, 0.101172, 0.00284851 ,0.216748, 108.437 ,-698.863
-1.95576, 9.96358, 0.196384, 0.00293245 ,0.109757, 198.065 ,-698.645
-2.35176, 9.69567, 0.127436, 0.00274942 ,0.0732736, 154.268 ,-699.566
-2.10863, 10.2016, 0.237494, 0.00264009 ,0.172163, 151.884 ,-699.486
-2.13069, 9.91064, 0.186309, 0.0025538 ,0.217873, 167.202 ,-702.18
-2.20647, 10.0385, 0.159982, 0.00260775 ,0.561285, 136.888 ,-700.507
-2.39075, 10.0522, 0.233641, 0.00262709 ,0.883797, 95.2025 ,-698.692
-2.25056, 10.323, 0.232012, 0.0026092 ,0.802254, 132.871 ,-695.639
-2.18749, 10.0082, 0.168692, 0.00273819 ,0.282939, 171.568 ,-702.224
-2.12125, 9.96924, 0.195994, 0.00300037 ,0.196429, 289.361 ,-700.53
-2.14112, 9.96857, 0.124546, 0.00287344 ,0.413395, 224.744 ,-700.765
-2.44874, 9.28233, 0.0585469, 0.00286045 ,0.227464, 109.316 ,-698.958
-2.19808, 10.049, 0.223709, 0.00300144 ,0.179616, 129.913 ,-701.35
-2.24914, 9.98634, 0.207619, 0.0028321 ,0.391543, 97.8919 ,-699.696
-2.16997, 9.81945, 0.165804, 0.00288427 ,0.0480756, 184.607 ,-701.865
-2.19304, 10.1278, 0.27406, 0.00311656 ,0.306816, 158.499 ,-700.591
-2.18164, 9.84929, 0.141944, 0.003437 ,0.046829, 145.937 ,-700.988
-2.17713, 10.0175, 0.212014, 0.00359099 ,0.301032, 212.11 ,-701.743
-2.199, 10.0072, 0.127982, 0.00326677 ,0.649287, 203.02 ,-699.304
-2.18528, 10.1878, 0.197838, 0.00293006 ,0.291477, 130.415 ,-698.803
-2.22589, 10.0349, 0.230171, 0.00284319 ,0.045187, 147.201 ,-701.989
-2.04511, 9.95059, 0.207813, 0.00267374 ,0.55932, 297.482 ,-699.783
-2.01215, 9.93294, 0.204565, 0.00244355 ,0.05697, 166.18 ,-699.078
-2.15576, 10.1083, 0.177467, 0.0024613 ,0.0648907, 191.73 ,-700.637
-2.31312, 9.82024, 0.173428, 0.00272671 ,0.511167, 167.41 ,-700.863
-2.32437, 10.0005, 0.309716, 0.00228555 ,1.11077, 112.697 ,-695.565
-2.31256, 9.94685, 0.169639, 0.00220202 ,0.580473, 101.832 ,-700.214
-2.1825, 10.0877, 0.243625, 0.00210466 ,0.48789, 154.168 ,-701.32
-2.17714, 9.92712, 0.217714, 0.00193098 ,0.298101, 188.443 ,-702.157
-2.00601, 9.99051, 0.170675, 0.00207782 ,0.0103365, 106.878 ,-693.157
-2.3074, 9.98029, 0.200241, 0.00203001 ,0.11023, 105.437 ,-701.056
-2.30131, 9.80274, 0.184711, 0.00224783 ,0.151599, 117.309 ,-701.224
-2.19648, 9.97711, 0.152181, 0.00228995 ,0.323697, 167.855 ,-702.069
-2.22665, 9.93045, 0.195572, 0.00210596 ,0.394098, 111.539 ,-700.71
-2.37582, 9.88786, 0.300369, 0.00222457 ,0.156684, 119.047 ,-698.075
-2.20074, 10.0842, 0.15947, 0.00196002 ,0.182668, 213.885 ,-699.268
-2.29321, 10.1732, 0.232765, 0.00194929 ,0.0416079, 154.088 ,-699.32
-2.25677, 10.1102, 0.242424, 0.00198842 ,0.188565, 123.106 ,-700.887
-2.37413, 9.727, 0.180759, 0.00222424 ,0.032697, 123.327 ,-700.588
-2.07705, 10.0948, 0.211803, 0.0025939 ,0.023123, 278.841 ,-700.094
-2.06567, 9.98472, 0.24718, 0.00260065 ,0.0227607, 185.182 ,-700.489
-2.25037, 9.84186, 0.182105, 0.00263441 ,0.167163, 135.944 ,-701.908
-2.22098, 10.0736, 0.175072, 0.00273504 ,0.291172, 172.779 ,-700.942
-2.20737, 9.77378, 0.171685, 0.00277043 ,0.0631129, 224.35 ,-700.055
-2.2156, 9.74608, 0.168045, 0.00251302 ,0.157532, 153.487 ,-701.041
-2.12534, 9.8392, 0.216458, 0.00243242 ,0.0548533, 301.338 ,-696.649
-2.02163, 9.96013, 0.21075, 0.0022618 ,0.0580848, 147.78 ,-698.467
-2.23984, 9.9185, 0.190815, 0.00229239 ,0.5658, 214.786 ,-700.789
-2.22922, 10.0065, 0.17067, 0.00224021 ,0.594175, 158.104 ,-701.67
-2.34662, 9.47469, 0.148655, 0.00225834 ,1.08869, 89.4644 ,-693.451
-2.22195, 10.0421, 0.168422, 0.00235576 ,0.302353, 157.48 ,-701.508
-2.17174, 9.95349, 0.186721, 0.00237034 ,0.53179, 212.522 ,-702.165
-2.29417, 9.80981, 0.171372, 0.0024739 ,0.207202, 205.819 ,-699.654
-2.22802, 9.84507, 0.181232, 0.00236621 ,0.232602, 143.728 ,-702.014
-2.12285, 9.9821, 0.17291, 0.00229313 ,0.129887, 186.65 ,-702.64
-2.02839, 9.89084, 0.169183, 0.00262576 ,0.182688, 255.076 ,-700.962
-2.15713, 10.1136, 0.238758, 0.00232396 ,0.424989, 153.955 ,-701.076
-2.17411, 9.87039, 0.156107, 0.00221764 ,0.673393, 231.554 ,-700.765
-2.16195, 10.0208, 0.204293, 0.00208608 ,0.312934, 242.62 ,-701.166
-2.47981, 10.1201, 0.184663, 0.00202654 ,0.400025, 71.1441 ,-696.59
-2.11261, 10.0465, 0.176782, 0.00221933 ,0.199489, 197.607 ,-702.07
-2.23707, 9.93601, 0.198099, 0.00217552 ,0.253336, 144.205 ,-702.426
-2.04883, 9.98785, 0.171407, 0.00245491 ,0.024755, 159.121 ,-700.283
-2.26549, 10.1092, 0.248356, 0.00206932 ,0.166827, 123.527 ,-700.881
-2.14059, 9.91725, 0.186826, 0.00167313 ,0.0596594, 187.381 ,-702.751
-2.34189, 10.0537, 0.223629, 0.00147317 ,0.900973, 123.286 ,-700.022
-2.31145, 9.90733, 0.190093, 0.00100013 ,0.406183, 144.811 ,-702.028
-2.40263, 9.88788, 0.204047, 0.000972433 ,0.337562, 115.85 ,-701.035
-2.14576, 10.069, 0.195963, 0.00143531 ,0.211487, 229.541 ,-701.298
-2.22076, 9.85753, 0.159456, 0.00149545 ,0.768372, 224.622 ,-700.249
-2.33034, 9.90436, 0.193904, 0.00132577 ,0.0281972, 142.214 ,-701.848
-2.23164, 9.88473, 0.165731, 0.00128616 ,0.354371, 165.852 ,-702.455
-2.23106, 9.996, 0.178825, 0.00101731 ,0.754625, 184.839 ,-701.674
-2.18157, 9.90153, 0.150932, 0.00096139 ,0.0065518, 120.4 ,-700.155
-2.27988, 9.9577, 0.141174, 0.000941072 ,0.67575, 150.205 ,-701.092
-2.17517, 9.9428, 0.230086, 0.000941046 ,0.133051, 239.21 ,-700.345
-2.06476, 9.98074, 0.122918, 0.00104408 ,0.439447, 348.409 ,-698.07
-2.27335, 9.70955, 0.151423, 0.000949939 ,0.0623647, 131.45 ,-700.738
-2.14798, 10.0127, 0.133818, 0.00089542 ,0.388823, 151.396 ,-700.41
-2.14318, 9.95759, 0.209829, 0.000729213 ,0.163934, 185.645 ,-702.659
-2.16876, 9.44948, 0.089242, 0.000267505 ,0.635026, 168.566 ,-698.107
-2.08779, 10.0071, 0.243764, 0.000726225 ,0.613711, 300.754 ,-698.363
-2.32761, 9.98217, 0.224013, 0.00088988 ,0.107937, 145.566 ,-701.372
-2.36677, 9.17767, 0.0423636, 0.00109253 ,0.137368, 107.368 ,-699.184
-2.19688, 9.85249, 0.150667, 0.00122533 ,0.650197, 162.663 ,-701.627
-2.08362, 9.983, 0.221544, 0.00150223 ,0.162985, 204.073 ,-701.989
-2.31517, 9.97132, 0.289689, 0.00166623 ,0.13919, 138.928 ,-699.534
-2.28952, 9.93499, 0.226111, 0.00160535 ,0.0607087, 148.309 ,-701.8
-2.20884, 10.1375, 0.28798, 0.00144281 ,0.445283, 137.309 ,-700.24
-2.12069, 9.95878, 0.172024, 0.00136847 ,0.711282, 170.81 ,-701.716
-2.08228, 10.0055, 0.166369, 0.00117649 ,0.125192, 235.518 ,-702.325
-2.38782, 9.99554, 0.236169, 0.00107237 ,0.704559, 111.23 ,-700.514
-2.29096, 10.0787, 0.259002, 0.00157415 ,0.558829, 120.613 ,-700.68
-2.50869, 9.82111, 0.208647, 0.0015957 ,0.472214, 90.6217 ,-699.454
-2.04323, 9.96589, 0.178653, 0.00191405 ,0.626289, 235.251 ,-701.477
-2.22398, 9.8697, 0.203905, 0.00208729 ,0.0807823, 162.878 ,-702.197
-2.10038, 10.0119, 0.169644, 0.00219481 ,0.623215, 198.271 ,-701.677
-2.06553, 9.90876, 0.160025, 0.00229621 ,0.399629, 210.584 ,-701.605
-2.13224, 9.88397, 0.179378, 0.00249523 ,0.160963, 175.531 ,-702.21
-2.35469, 9.76965, 0.210808, 0.00291239 ,0.593247, 143.124 ,-699.543
-2.33901, 9.97097, 0.222393, 0.00288979 ,0.156789, 127.009 ,-701.44
-2.23183, 9.84918, 0.153527, 0.00283634 ,0.252567, 203.569 ,-701.306
-2.19707, 10.0095, 0.145741, 0.00281338 ,0.441086, 141.242 ,-700.696
-2.31343, 9.88074, 0.206387, 0.00256493 ,0.651077, 118.43 ,-701.003
-2.10498, 9.92736, 0.159485, 0.00277348 ,0.535847, 196.614 ,-701.813
-1.9596, 10.1005, 0.248794, 0.00237439 ,0.199324, 294.024 ,-698.063
-2.04821, 10.0966, 0.234469, 0.00236635 ,0.354811, 171.664 ,-700.183
-2.03933, 10.2058, 0.286223, 0.00229872 ,0.475323, 253.744 ,-697.247
-2.38194, 10.1102, 0.241853, 0.00231056 ,0.0192729, 83.1793 ,-698.973
-2.4037, 9.90256, 0.182115, 0.00234788 ,0.0150751, 113.438 ,-701.016
-2.06164, 10.063, 0.195559, 0.00251116 ,0.0823274, 273.97 ,-701.04
-2.14075, 10.0301, 0.153668, 0.00251112 ,0.294778, 195.501 ,-701.642
-2.3852, 9.97213, 0.245166, 0.00208472 ,0.659302, 75.3756 ,-698.228
-2.36148, 9.86573, 0.179224, 0.00194412 ,0.592768, 116.031 ,-701.128
-2.20374, 9.85913, 0.152346, 0.00220501 ,0.863107, 175.944 ,-700.323
-2.33654, 9.92019, 0.203229, 0.00211281 ,0.202481, 133.249 ,-701.73
-2.24497, 9.89681, 0.187658, 0.00203823 ,0.394408, 142.346 ,-702.265
-2.22421, 9.76253, 0.193279, 0.00184723 ,0.808956, 120.884 ,-698.956
-2.18242, 9.98619, 0.157193, 0.00178088 ,0.319443, 202.085 ,-702.104
-2.28104, 9.8107, 0.201552, 0.00148578 ,0.661151, 161.832 ,-700.903
-2.12888, 9.85911, 0.234375, 0.00124376 ,0.0912849, 250.444 ,-698.399
-2.27988, 9.97949, 0.114365, 0.00127836 ,1.02928, 128.815 ,-696.975
-2.41338, 10.0022, 0.166691, 0.00121703 ,0.144176, 115.003 ,-699.883
-2.33842, 9.94651, 0.215182, 0.00126014 ,0.536414, 97.2429 ,-700.564
-2.44539, 9.83761, 0.163831, 0.00125563 ,0.460315, 127.272 ,-699.883
-2.05498, 10.0133, 0.146981, 0.00162273 ,0.0320301, 249.116 ,-701.499
-2.06096, 9.93041, 0.196884, 0.00179604 ,0.250989, 242.704 ,-701.821
-2.30688, 9.88784, 0.275391, 0.00142782 ,0.66218, 83.0804 ,-697.333
-2.00751, 9.96315, 0.150301, 0.00135774 ,0.443541, 179.922 ,-699.386
-2.20748, 9.99546, 0.189112, 0.00137617 ,0.514274, 185.566 ,-702.321
-2.18112, 9.91988, 0.167724, 0.001562 ,0.377911, 224.469 ,-702.044
-2.16161, 9.99555, 0.129244, 0.00161208 ,0.0515, 178.73 ,-701.187
-2.26777, 10.03, 0.242112, 0.00148833 ,0.463743, 133.232 ,-701.487
-2.26683, 9.91188, 0.292059, 0.00140607 ,0.48469, 94.8561 ,-697.713
-2.20751, 10.064, 0.183451, 0.00150208 ,0.499436, 154.668 ,-701.49
-2.23603, 9.84861, 0.13853, 0.0013767 ,0.425968, 195.934 ,-701.036
-2.11155, 9.94387, 0.168716, 0.00115736 ,0.264315, 191.003 ,-702.61
-2.2758, 9.83778, 0.24499, 0.000987616 ,0.408394, 108.063 ,-699.626
-2.34289, 9.75229, 0.14339, 0.00105463 ,0.0827736, 139.281 ,-700.792
-2.14434, 9.95067, 0.241986, 0.000977695 ,0.560186, 164.848 ,-701.225
-2.28331, 9.87193, 0.16287, 0.00102564 ,0.183938, 117.012 ,-701.367
-2.14191, 10.0056, 0.241409, 0.00126089 ,0.230484, 225.835 ,-701.094
-2.11443, 9.81583, 0.203084, 0.000549735 ,0.350043, 180.457 ,-700.555
-2.29831, 10.1855, 0.286746, 0.000830545 ,0.146798, 124.376 ,-699.826
-2.32265, 9.99117, 0.202122, 0.00087777 ,0.452135, 159.237 ,-701.106
-2.17271, 9.92507, 0.242352, 0.000924238 ,0.651587, 239.85 ,-699.079
-2.16865, 9.96178, 0.189399, 0.000550261 ,1.03083, 294.616 ,-698.051
-2.19586, 10.1995, 0.335605, 0.00058816 ,0.0844359, 131.487 ,-698.808
-2.06575, 10.0243, 0.15022, 0.00081097 ,0.000600554, 234.762 ,-701.619
-2.17265, 9.85205, 0.154661, 0.00088608 ,0.639872, 181.363 ,-701.892
-2.07653, 10.1331, 0.286283, 0.000942238 ,0.428379, 195.292 ,-699.553
-2.25214, 9.90161, 0.123356, 0.000777242 ,0.274381, 214.586 ,-699.63
-2.20725, 10.0632, 0.219656, 0.000670066 ,0.798223, 108.988 ,-699.767
-2.13682, 9.95234, 0.135271, 0.00052859 ,1.0568, 167.411 ,-699.935
-2.35776, 9.89621, 0.241223, 0.000805717 ,0.241894, 181.153 ,-697.862
-2.13409, 9.97065, 0.139533, 0.000869482 ,0.869862, 196.39 ,-701.076
-2.13499, 10.0313, 0.245649, 0.00102898 ,0.980716, 193.631 ,-699.872
-2.12222, 9.94749, 0.132298, 0.00111757 ,0.435573, 247.888 ,-701.197
-2.07485, 10.0593, 0.18735, 0.0012965 ,0.348181, 147.906 ,-700.092
-2.28837, 10.1839, 0.259843, 0.00117809 ,0.176908, 116.881 ,-699.954
-2.31311, 9.98843, 0.246284, 0.00127354 ,0.355443, 122.319 ,-701.247
-2.16322, 9.99586, 0.176317, 0.00125218 ,0.469903, 185.462 ,-702.591
-2.11983, 10.1728, 0.180289, 0.00148578 ,0.281065, 148.76 ,-698.522
-2.43416, 9.76484, 0.162792, 0.00141631 ,0.484248, 130.44 ,-699.831
-2.08196, 10.0051, 0.174745, 0.00150977 ,0.512273, 261.23 ,-701.766
-2.27563, 9.80244, 0.172933, 0.00131962 ,0.115988, 114.021 ,-700.938
-2.29387, 9.88905, 0.234013, 0.00133531 ,0.0664308, 131.593 ,-701.363
-2.31028, 9.94387, 0.163063, 0.00117606 ,0.427351, 160.065 ,-701.418
-2.24814, 9.94671, 0.215755, 0.00111794 ,0.887021, 160.305 ,-701.411
-2.17341, 10.0451, 0.275661, 0.00121192 ,0.0399198, 182.202 ,-700.613
-2.29584, 9.94808, 0.148047, 0.00110928 ,0.112994, 204.761 ,-699.572
-2.16491, 9.89455, 0.151648, 0.000627582 ,0.31033, 219.704 ,-702.092
-2.19331, 10.0049, 0.169622, 0.000687394 ,0.714625, 200.42 ,-701.878
-1.96456, 9.94427, 0.186753, 0.000195754 ,0.886083, 333.775 ,-698.959
-2.24566, 9.81616, 0.126108, 4.34551e-006 ,1.91331, 134.425 ,-699.636
-2.37921, 9.9437, 0.279203, 0.000199522 ,0.469144, 133.133 ,-699.165
-2.27415, 9.90821, 0.204485, 0.000510599 ,0.0536942, 124.841 ,-701.992
-2.22773, 9.96885, 0.174122, 0.000290899 ,0.449586, 182.138 ,-702.445
-2.27288, 9.86247, 0.229122, 0.000140736 ,1.34601, 160.829 ,-700.076
-2.19271, 10.2458, 0.288939, 0.000369839 ,0.0374144, 142.58 ,-699.54
-1.96977, 10.0172, 0.156792, 0.000342168 ,0.847322, 211.71 ,-699.132
-2.07287, 9.95266, 0.222489, 6.87435e-005 ,0.204612, 238.439 ,-701.431
-2.18654, 9.85165, 0.19163, 8.34083e-005 ,0.31194, 192.49 ,-702.158
-2.18163, 9.91395, 0.156378, 0.000116354 ,0.199321, 216.525 ,-702.25
-2.09772, 9.90122, 0.145655, 2.72064e-005 ,1.26301, 210.218 ,-701.64
-2.20968, 9.94837, 0.216743, 0.000114433 ,0.261047, 198.25 ,-701.999
-2.12817, 9.78993, 0.185077, 0.000274161 ,0.156989, 169.06 ,-700.704
-2.2687, 9.63682, 0.190497, 4.42758e-005 ,1.65888, 168.838 ,-696.261
-2.21295, 9.96538, 0.196591, 4.2437e-005 ,0.137281, 179.45 ,-702.744
-2.23331, 10.0133, 0.261049, 0.00012801 ,0.138218, 178.922 ,-700.814
-2.46286, 9.68607, 0.233067, 0.0001854 ,0.969909, 100.966 ,-697.798
-2.20869, 9.93222, 0.189607, 0.000180003 ,0.427705, 166.4 ,-702.862
-2.0203, 9.96993, 0.190612, 0.000112385 ,0.234271, 197.471 ,-701.232
-2.17487, 9.9259, 0.164559, 1.90337e-005 ,0.840566, 219.19 ,-702.411
-2.17722, 10.0099, 0.181899, 0.000147535 ,0.192497, 166.503 ,-702.609
-2.27765, 9.90994, 0.164428, 7.74838e-005 ,0.666021, 160.702 ,-702.214
-2.01466, 10.051, 0.245148, 0.000243061 ,0.396783, 310.099 ,-698.694
-2.03251, 10.0621, 0.214234, 4.98398e-005 ,1.03629, 227.788 ,-701.326
-2.11595, 10.0069, 0.144548, 0.000212667 ,0.359857, 222.599 ,-701.815
-2.09855, 9.95225, 0.206534, 0.000257657 ,0.716472, 174.283 ,-701.936
-2.08047, 10.0385, 0.198707, 0.000818346 ,0.440147, 249.632 ,-701.859
-2.36359, 10.0682, 0.210141, 0.00102646 ,0.435478, 102.882 ,-700.242
-2.23827, 9.80427, 0.139524, 0.00127572 ,0.0233558, 158.159 ,-701.358
-2.48735, 9.66573, 0.176762, 0.0013424 ,0.904114, 95.2788 ,-698.601
-2.11923, 9.88378, 0.148613, 0.00148927 ,0.208515, 192.208 ,-701.894
-2.10761, 10.0193, 0.164237, 0.00190751 ,0.116263, 149.963 ,-700.877
-2.19268, 10.0399, 0.184313, 0.00202911 ,0.36883, 251.174 ,-699.625
-2.01553, 9.91901, 0.215523, 0.00213616 ,0.491378, 211.218 ,-699.67
-2.04608, 9.89658, 0.167332, 0.00220407 ,0.158256, 290.978 ,-700.794
-2.39999, 10.0444, 0.245953, 0.0022755 ,0.218232, 91.693 ,-699.883
-2.18568, 9.93341, 0.183588, 0.00244233 ,0.187048, 255.144 ,-700.792
-2.31303, 9.70821, 0.121262, 0.00236864 ,0.329109, 172.104 ,-699.159
-2.0009, 9.91595, 0.146947, 0.00246031 ,0.452651, 274.826 ,-699.96
-2.12919, 9.7678, 0.153995, 0.00257969 ,0.170847, 156.953 ,-699.935
-2.19082, 9.88037, 0.201893, 0.00260873 ,0.299412, 233.353 ,-700.75
-2.23662, 9.82273, 0.139999, 0.00255039 ,0.80856, 157.851 ,-699.91
-2.09344, 9.89327, 0.168474, 0.00281087 ,0.716246, 310.894 ,-698.527
-2.32821, 9.95015, 0.22519, 0.00282636 ,0.730209, 108.863 ,-700.293
-2.10983, 9.96137, 0.195963, 0.00263869 ,0.414798, 240.401 ,-702.054
-2.12027, 10.1431, 0.319283, 0.00282469 ,0.357687, 176.777 ,-698.459
-2.17303, 9.94728, 0.184598, 0.00279867 ,0.00826014, 149.392 ,-702.335
-2.35793, 10.0668, 0.210122, 0.00270253 ,0.716153, 110.449 ,-699.735
-2.39958, 9.7236, 0.157527, 0.00260357 ,0.254851, 135.128 ,-700.082
-2.08191, 9.91775, 0.1805, 0.00264371 ,0.0303497, 186.85 ,-701.989
-2.09865, 10.0587, 0.208145, 0.0026467 ,0.806227, 242.644 ,-699.527
-2.19532, 9.78657, 0.173781, 0.00291113 ,0.51537, 125.881 ,-699.874
-2.17123, 10.1074, 0.166152, 0.00286574 ,0.00387209, 187.831 ,-700.104
-2.69282, 9.27518, 0.0694162, 0.00271203 ,0.0034047, 80.4429 ,-696.353
-2.45902, 9.80041, 0.182921, 0.00282635 ,0.14729, 116.036 ,-700.031
-2.12024, 10.1113, 0.307632, 0.00253629 ,0.398993, 208.091 ,-698.221
-2.09737, 10.0439, 0.200597, 0.00259936 ,0.240032, 181.889 ,-702.012
-2.23077, 9.72736, 0.200042, 0.00271616 ,0.623143, 132.89 ,-699.17
-2.27667, 9.92001, 0.230798, 0.00262171 ,0.256264, 150.138 ,-701.581
-2.42589, 10.208, 0.206181, 0.00248831 ,0.338541, 115.577 ,-696.524
-2.01755, 9.92856, 0.191722, 0.00225286 ,0.109569, 209.83 ,-700.932
-2.20701, 9.86306, 0.142878, 0.00223877 ,0.0374005, 147.944 ,-701.514
-2.17997, 10.0429, 0.21353, 0.00201061 ,0.214434, 161.144 ,-702.242
-2.24919, 9.54647, 0.057666, 0.00211345 ,0.50236, 151.989 ,-695.187
-2.17417, 10.1349, 0.311195, 0.00210116 ,0.925602, 169.849 ,-697.014
-2.19693, 9.80953, 0.174657, 0.00197493 ,0.254705, 141.971 ,-701.349
-2.08795, 9.87588, 0.194938, 0.00211866 ,0.153132, 227.892 ,-701.508
-2.06437, 9.94693, 0.157991, 0.00224792 ,0.362664, 294.406 ,-701.116
-2.064, 10.0654, 0.205325, 0.00210544 ,0.483391, 256.114 ,-701.072
-2.12621, 9.80438, 0.13291, 0.00195447 ,0.244491, 166.325 ,-699.87
-2.18869, 9.86417, 0.179999, 0.00177718 ,0.0678029, 121.491 ,-700.686
-2.17324, 10.1437, 0.165356, 0.00203214 ,0.140887, 178.708 ,-698.934
-2.33373, 10.0406, 0.209341, 0.00213945 ,0.701828, 133.49 ,-700.514
-2.15911, 9.95193, 0.185002, 0.0025752 ,0.552774, 246.265 ,-701.275
-2.32723, 9.91147, 0.17914, 0.00248924 ,0.188618, 93.7742 ,-700.169
-2.18869, 9.22004, 0.0350674, 0.00236492 ,0.352234, 157.822 ,-697.644
-2.1759, 9.93329, 0.179412, 0.00240329 ,0.209821, 177.092 ,-702.811
-2.13324, 10.1799, 0.240319, 0.00235735 ,0.597949, 203.15 ,-699.433
-2.2372, 9.98339, 0.209467, 0.0022657 ,0.0781121, 167.082 ,-702.379
-2.24652, 9.84286, 0.160733, 0.00239573 ,0.290032, 155.759 ,-702.032
-2.10092, 9.87446, 0.162853, 0.00228675 ,0.223001, 301.786 ,-699.949
-2.37095, 9.84663, 0.142656, 0.00234417 ,0.570236, 110.199 ,-700.127
-2.13655, 9.68726, 0.163115, 0.00263606 ,0.190058, 202.22 ,-698.904
-2.05686, 9.95134, 0.200077, 0.00246359 ,0.00681578, 193.305 ,-701.722
-2.58872, 9.54051, 0.136642, 0.00235648 ,0.980321, 81.6039 ,-696.649
-2.09083, 10.0252, 0.207934, 0.00227046 ,0.674918, 233.315 ,-701.205
-2.13867, 10.1594, 0.343718, 0.00235345 ,0.223636, 143.113 ,-697.78
-2.2272, 9.9303, 0.191905, 0.00256342 ,0.236078, 238.284 ,-700.287
-2.13631, 9.93767, 0.147522, 0.00280217 ,0.790388, 178.418 ,-700.183
-2.17821, 9.96233, 0.227992, 0.00306253 ,0.0996466, 149.158 ,-701.899
-2.24455, 9.7535, 0.201055, 0.00270479 ,0.805701, 169.706 ,-698.786
-2.24735, 9.78233, 0.159868, 0.00281857 ,0.308195, 171.628 ,-701.37
-2.17911, 9.91996, 0.14788, 0.00273025 ,0.493078, 229.05 ,-701.263
-2.12003, 10.0944, 0.226951, 0.00324552 ,0.167234, 291.391 ,-698.421
-2.32877, 10.0165, 0.241234, 0.00319548 ,0.143046, 114.944 ,-701.052
-2.34551, 9.96423, 0.22166, 0.00320823 ,0.128802, 145.692 ,-701
-2.31045, 9.90019, 0.167429, 0.00299962 ,0.304513, 146.378 ,-701.785
-2.13251, 10.0346, 0.201734, 0.0030028 ,0.0205747, 206.499 ,-702.396
-2.10706, 9.93029, 0.199366, 0.00325529 ,0.359034, 181.448 ,-701.975
-2.13658, 9.90879, 0.17296, 0.00364295 ,0.0868539, 226.408 ,-702.376
-2.2054, 9.81511, 0.15215, 0.00361895 ,0.00603687, 161.523 ,-701.672
-2.28085, 10.0354, 0.243317, 0.00358922 ,0.406936, 109.273 ,-700.534
-2.16669, 10.0067, 0.207761, 0.00338617 ,0.632917, 126.129 ,-700.026
-2.15384, 9.96786, 0.197527, 0.00358308 ,0.121765, 261.404 ,-701.011
-2.09116, 10.0418, 0.194958, 0.00346527 ,0.765461, 289.503 ,-698.311
-2.07594, 9.96419, 0.149502, 0.00311998 ,0.0438145, 243.328 ,-702.025
-2.29007, 10.0061, 0.1766, 0.00332512 ,0.0977458, 130.085 ,-701.52
-2.35567, 9.85489, 0.270215, 0.00329636 ,0.222381, 111.887 ,-699.213
-2.22712, 9.9819, 0.193193, 0.00320082 ,0.0789328, 183.129 ,-702.316
-2.16521, 10.0279, 0.198597, 0.0034707 ,0.355322, 186.104 ,-702.26
-2.15225, 10.0009, 0.237227, 0.00312073 ,0.325023, 210.706 ,-701.395
-2.14466, 9.84706, 0.179151, 0.00335225 ,0.0701127, 231.579 ,-701.472
-2.2551, 9.77019, 0.154399, 0.00339839 ,0.332059, 155.983 ,-701.225
-2.11455, 9.65324, 0.145042, 0.00351603 ,0.0840445, 125.92 ,-696.282
-2.32912, 9.50629, 0.121407, 0.00360523 ,0.1368, 119.755 ,-699.311
-2.15323, 9.86738, 0.177499, 0.00352579 ,0.254036, 216.947 ,-701.97
-2.25517, 10.0991, 0.256941, 0.00358549 ,0.638359, 204.006 ,-697.834
-1.93339, 10.0212, 0.181724, 0.00352256 ,0.226211, 241.558 ,-699.166
-2.12758, 10.0914, 0.206337, 0.00329432 ,0.193611, 276.429 ,-699.215
-2.14948, 9.96872, 0.202441, 0.00323058 ,0.719021, 207.56 ,-701.13
-2.21862, 9.99774, 0.227561, 0.00325463 ,0.255286, 173.152 ,-701.989
-2.33883, 9.61679, 0.133101, 0.00326929 ,0.0205872, 141.74 ,-699.881
-2.1801, 9.96766, 0.225881, 0.00330955 ,0.153102, 195.468 ,-701.978
-2.14348, 9.91977, 0.199521, 0.00329033 ,0.1023, 174.957 ,-702.431
-2.29445, 9.92909, 0.149141, 0.0033195 ,0.265722, 182.544 ,-700.699
-2.21178, 9.97397, 0.219445, 0.00327796 ,0.158004, 180.757 ,-702.189
-2.16663, 9.85065, 0.11149, 0.00353425 ,0.418546, 172.298 ,-699.268
-2.12006, 9.91599, 0.196752, 0.00359514 ,0.37321, 173.032 ,-701.86
-2.13361, 9.98361, 0.191487, 0.0037088 ,0.494658, 236.329 ,-701.701
-2.37958, 10.0413, 0.254999, 0.00388305 ,0.639852, 116.668 ,-699.584
-2.19144, 10.0043, 0.217063, 0.00386357 ,0.575466, 171.183 ,-701.65
-2.17337, 9.78364, 0.158863, 0.00388434 ,0.239921, 153.921 ,-700.852
-2.06788, 10.0457, 0.230212, 0.00378067 ,0.5803, 245.267 ,-700.215
-2.12752, 9.91812, 0.236301, 0.00416528 ,0.349641, 198.454 ,-700.727
-2.05988, 10.0151, 0.197998, 0.00407061 ,0.076083, 220.38 ,-702.157
-2.25125, 9.76916, 0.144245, 0.00385635 ,0.54955, 166.873 ,-700.451
-2.20382, 9.95635, 0.224947, 0.00409223 ,0.268346, 153.505 ,-702.009
-2.14592, 9.89972, 0.207197, 0.00388709 ,0.317214, 190.491 ,-701.958
-2.11657, 9.96713, 0.140957, 0.00427337 ,0.367171, 197.261 ,-701.578
-2.16205, 10.1391, 0.245203, 0.00447221 ,0.643599, 137.003 ,-699.186
-2.19174, 9.8238, 0.191485, 0.0044076 ,0.177165, 172.467 ,-701.688
-2.09515, 9.9821, 0.187834, 0.0046462 ,0.439191, 229.483 ,-701.972
-2.21022, 9.82422, 0.219918, 0.00452315 ,0.225355, 123.139 ,-699.986
-1.92417, 10.1523, 0.243549, 0.00462304 ,0.49885, 174.763 ,-694.41
-2.24118, 10.0493, 0.199793, 0.00483948 ,0.200883, 130.492 ,-701.388
-2.29473, 9.85993, 0.22767, 0.00485834 ,0.495381, 130.835 ,-700.593
-2.01717, 10.0299, 0.154037, 0.00483479 ,0.441138, 296.657 ,-699.81
-2.45466, 9.79809, 0.170743, 0.00467293 ,0.293403, 60.5833 ,-696.226
-2.08176, 9.88239, 0.241543, 0.00463454 ,0.102146, 238.75 ,-698.554
-2.18205, 9.94473, 0.151609, 0.0046577 ,0.811637, 168.064 ,-699.237
-2.17407, 10.022, 0.170651, 0.00448627 ,0.366288, 163.383 ,-701.755
-2.14418, 9.97707, 0.167927, 0.00424779 ,0.512854, 197.934 ,-701.968
-2.22448, 9.9856, 0.179121, 0.00427949 ,0.26094, 150.745 ,-702.2
-2.14714, 9.83846, 0.139127, 0.00437086 ,0.455958, 263.114 ,-699.238
-2.11445, 10.0499, 0.224073, 0.00444558 ,0.257494, 193.782 ,-701.868
-2.18574, 9.92607, 0.143777, 0.00406011 ,0.0527315, 204.184 ,-701.95
-2.02723, 10.0688, 0.176488, 0.00446137 ,0.267332, 277.337 ,-700.403
-2.16631, 9.95069, 0.200276, 0.00433571 ,0.0980484, 245.826 ,-701.298
-2.07462, 9.89993, 0.166438, 0.0042795 ,0.292004, 277.481 ,-701.032
-2.42497, 9.77245, 0.113051, 0.00442504 ,0.0975368, 137.749 ,-698.055
-2.14896, 9.97677, 0.147493, 0.00427822 ,0.113846, 175.174 ,-701.958
-2.32386, 9.81723, 0.218469, 0.00399035 ,0.363323, 138.591 ,-700.6
-2.22538, 10.0517, 0.256042, 0.00390844 ,0.33035, 140.104 ,-701.152
-2.2725, 9.99716, 0.226281, 0.00374484 ,0.520084, 151.864 ,-701.357
-2.25453, 9.93392, 0.218516, 0.00392408 ,0.135611, 170.769 ,-701.839
-2.06252, 9.94758, 0.227221, 0.00377519 ,0.226331, 207.395 ,-700.939
-2.08529, 9.87253, 0.170439, 0.0036735 ,0.257259, 253.201 ,-701.27
-2.33969, 9.77247, 0.144777, 0.00385527 ,0.754326, 136.46 ,-699.452
-2.05499, 9.96416, 0.153961, 0.00368494 ,0.0991242, 277.223 ,-701.564
-2.28196, 10.0535, 0.219888, 0.00350087 ,0.446008, 121.442 ,-701.002
-2.20976, 9.89595, 0.18562, 0.00372142 ,0.0790165, 198.749 ,-702.23
-2.20501, 10.0219, 0.180834, 0.00351892 ,0.224597, 176.507 ,-702.131
-2.39833, 9.84209, 0.163988, 0.00325456 ,0.016862, 124.437 ,-700.866
-2.13666, 9.98283, 0.131547, 0.00315401 ,0.425852, 240.256 ,-700.678
-1.96903, 9.97808, 0.152895, 0.00314801 ,0.438335, 209.288 ,-698.948
-2.19183, 9.82608, 0.187321, 0.00327116 ,0.158972, 169.277 ,-701.874
-2.06979, 9.92919, 0.179522, 0.0030475 ,0.370326, 185.109 ,-701.519
-2.07155, 9.86564, 0.176699, 0.00295303 ,0.282038, 248.138 ,-701.108
-2.09831, 10.0447, 0.190959, 0.00289306 ,0.408231, 258.053 ,-701.205
-2.22631, 9.92126, 0.138091, 0.00269098 ,0.00906379, 141.339 ,-701.372
-2.09612, 9.90348, 0.184462, 0.00290676 ,0.283457, 193.317 ,-702.05
-2.22371, 9.89871, 0.137965, 0.00285446 ,0.287547, 155.064 ,-701.551
-2.1157, 9.99421, 0.131251, 0.00303558 ,0.0491965, 196.693 ,-701.302
-2.09255, 9.93056, 0.211788, 0.00319818 ,0.362347, 266.961 ,-700.662
-2.2707, 9.96094, 0.277852, 0.00333562 ,0.0687972, 142.971 ,-700.187
-2.08622, 9.96207, 0.273382, 0.00355446 ,0.160271, 141.343 ,-698.021
-2.07045, 9.87605, 0.173868, 0.00374686 ,0.144301, 231.013 ,-701.527
-2.03696, 9.96148, 0.130959, 0.00389024 ,0.552068, 273.09 ,-699.699
-2.16299, 10.0219, 0.131498, 0.00360538 ,0.316077, 194.612 ,-700.56
-2.00535, 9.96481, 0.132564, 0.00354824 ,0.229354, 225.976 ,-700.038
-2.1498, 9.95865, 0.157986, 0.0033725 ,0.261925, 167.788 ,-702.151
-2.31661, 9.91424, 0.1859, 0.00368226 ,0.556905, 121.148 ,-701.226
-2.16194, 9.96321, 0.163489, 0.00361053 ,0.422963, 210.23 ,-702.152
-2.16326, 9.90188, 0.182135, 0.00356433 ,0.472547, 128.89 ,-700.462
-2.14184, 9.8992, 0.170846, 0.00383933 ,0.494599, 271.951 ,-700.343
-2.31589, 10.1247, 0.208427, 0.00364095 ,0.0435649, 107.881 ,-699.811
-2.14413, 10.0258, 0.194559, 0.0037655 ,0.419893, 192.991 ,-702.155
-2.20204, 10.0628, 0.246282, 0.00391126 ,0.517158, 155.973 ,-701.075
-2.17358, 9.96285, 0.164967, 0.00388908 ,0.297812, 202.679 ,-702.353
-2.27969, 9.90925, 0.164266, 0.00371303 ,0.151088, 180.773 ,-701.538
-2.48168, 9.80845, 0.226002, 0.00368389 ,0.0753772, 103.096 ,-699.329
-2.15975, 10.2821, 0.236279, 0.00402351 ,0.671796, 155.194 ,-696.794
-2.259, 9.87034, 0.156198, 0.00396436 ,0.227894, 224.018 ,-699.914
-2.04117, 10.0864, 0.187733, 0.00404841 ,0.209956, 238.308 ,-700.903
-2.34262, 9.81071, 0.207085, 0.00403287 ,0.0570839, 96.1061 ,-700.08
-2.32971, 10.0912, 0.336162, 0.00416893 ,0.669743, 123.41 ,-697.466
-2.15186, 10.07, 0.207245, 0.00388468 ,0.248507, 201.271 ,-701.735
-2.13104, 10.0383, 0.228675, 0.00422565 ,0.17263, 149.898 ,-701.338
-2.24599, 9.98757, 0.213684, 0.004376 ,0.0409079, 147.961 ,-702.241
-2.17247, 9.99312, 0.171852, 0.00485433 ,0.0839674, 141.723 ,-701.638
-2.29007, 10.1964, 0.318275, 0.0048456 ,0.236696, 125.559 ,-699.005
-2.12829, 9.89572, 0.214721, 0.00495962 ,0.368642, 182.605 ,-701.29
-2.2374, 9.93722, 0.187204, 0.00493162 ,0.352641, 162.193 ,-702.268
-2.37806, 9.83748, 0.199976, 0.00472922 ,0.761865, 94.0765 ,-698.754
-2.13371, 9.93314, 0.148667, 0.00470069 ,0.363421, 210.192 ,-701.922
-2.00833, 10.1278, 0.229626, 0.00440171 ,0.402336, 164.418 ,-698.164
-2.2419, 9.93656, 0.158106, 0.00474944 ,0.227565, 111.884 ,-700.34
-2.10849, 9.9355, 0.232322, 0.00487619 ,0.187921, 202.345 ,-701.146
-2.19328, 9.93483, 0.181702, 0.0046348 ,0.694125, 164.168 ,-701.016
-2.28968, 10.1047, 0.217309, 0.00466733 ,0.23393, 160.339 ,-700.107
-2.26941, 10.0468, 0.214241, 0.00461598 ,0.242153, 131.121 ,-701.451
-2.08422, 9.9139, 0.150257, 0.00474323 ,0.37546, 228.657 ,-701.482
-2.06393, 10.0472, 0.26136, 0.00450776 ,0.0575987, 225.594 ,-700.095
-2.22138, 9.88233, 0.21902, 0.00444895 ,0.557801, 169.978 ,-700.961
-2.14729, 9.83819, 0.183606, 0.00419179 ,0.101596, 174.584 ,-701.736
-2.1071, 10.0061, 0.191381, 0.00446313 ,0.486206, 197.578 ,-701.89
-2.15312, 10.0847, 0.281105, 0.00414449 ,0.208752, 220.494 ,-699.089
-1.94614, 10.0231, 0.197529, 0.00421083 ,0.174856, 347.608 ,-698.824
-2.23316, 10.0668, 0.297127, 0.00399829 ,0.434498, 141.819 ,-699.726
-2.07007, 10.0581, 0.243127, 0.00390604 ,0.202404, 324.201 ,-697.621
-2.05235, 10.0008, 0.192203, 0.00388076 ,0.222193, 208.404 ,-701.955
-2.2084, 9.93119, 0.110705, 0.00376529 ,0.149284, 172.716 ,-700.163
-2.24838, 10.0666, 0.247639, 0.00391514 ,0.364102, 189.188 ,-700.017
-2.29728, 9.83432, 0.186443, 0.00416041 ,0.442268, 193.213 ,-699.929
-2.24678, 9.81714, 0.190334, 0.00414293 ,0.571119, 160.926 ,-701.026
-2.10782, 9.99425, 0.185441, 0.00395775 ,0.194432, 199.619 ,-702.562
-2.09309, 9.91467, 0.201602, 0.00385608 ,0.327585, 168.987 ,-701.2
-2.35908, 9.60643, 0.135206, 0.00385129 ,0.105042, 145.967 ,-699.469
-2.13908, 9.97766, 0.190542, 0.0038711 ,0.315215, 186.637 ,-702.576
-2.19376, 9.97852, 0.162516, 0.00364415 ,0.478482, 191.137 ,-701.892
-2.27044, 9.49227, 0.129534, 0.00327588 ,0.176423, 166.552 ,-698.044
-2.36197, 9.88197, 0.257714, 0.00330129 ,0.0648564, 87.6287 ,-699.117
-2.22341, 10.1264, 0.192312, 0.0033467 ,0.372743, 190.256 ,-699.39
-2.16322, 10.0268, 0.233839, 0.00345718 ,0.38988, 165.212 ,-701.774
-2.33346, 10.2588, 0.236453, 0.00335259 ,0.039309, 133.374 ,-697.495
-2.10213, 10.1205, 0.264788, 0.00327102 ,0.0939102, 125.312 ,-698.7
-2.13315, 10.071, 0.228142, 0.00362349 ,0.191442, 174.774 ,-701.795
-2.30587, 9.91783, 0.182964, 0.00365078 ,0.48335, 121.807 ,-701.419
-2.32147, 10.0458, 0.292816, 0.00366741 ,0.114352, 130.729 ,-699.824
-2.16715, 10.0863, 0.217541, 0.00359659 ,0.274611, 162.108 ,-701.632
-2.04709, 10.0077, 0.224331, 0.00368132 ,0.160481, 265.177 ,-700.907
-2.0709, 10.0255, 0.220236, 0.00338647 ,0.406336, 223.694 ,-701.544
-2.14142, 9.88332, 0.214632, 0.00344686 ,0.686804, 150.501 ,-699.734
-2.11737, 9.97652, 0.225631, 0.00346756 ,0.0517774, 223.007 ,-701.777
-2.21647, 9.93003, 0.194877, 0.00348334 ,0.359924, 146.35 ,-702.24
-2.15101, 9.97563, 0.195543, 0.00363905 ,0.0194275, 235.556 ,-702.056
-2.26096, 10.0968, 0.206819, 0.00359402 ,0.370187, 119.96 ,-700.477
-2.35387, 9.92361, 0.182321, 0.00340914 ,0.224678, 167.874 ,-700.228
-2.14621, 9.80321, 0.168451, 0.00348969 ,0.533289, 192.064 ,-700.774
-2.14846, 9.94541, 0.183456, 0.00308127 ,0.523076, 175.788 ,-702.228
-2.19413, 9.93971, 0.2053, 0.00312531 ,0.283406, 148.341 ,-702.225
-2.17956, 9.90646, 0.189475, 0.00324305 ,0.18896, 179.05 ,-702.637
-2.39725, 9.41321, 0.0972568, 0.00299831 ,0.101779, 109.771 ,-699.24
-2.13425, 9.91964, 0.210695, 0.00317002 ,0.396588, 253.536 ,-700.704
-2.36291, 10.0195, 0.213492, 0.00322611 ,0.860212, 119.748 ,-699.327
-2.19756, 9.82248, 0.133008, 0.00302821 ,0.102382, 202.585 ,-700.79
-2.12292, 9.92887, 0.187051, 0.00295996 ,0.540049, 201.006 ,-702.124
-2.45147, 9.88347, 0.191829, 0.00286984 ,0.698367, 79.057 ,-698.758
-2.46008, 10.0215, 0.247882, 0.00279994 ,0.806273, 93.7626 ,-698.668
-2.13978, 9.92168, 0.155115, 0.00271749 ,0.363491, 220.208 ,-702.189
-2.31981, 9.9414, 0.264264, 0.00285806 ,0.0411933, 154.488 ,-699.782
-2.11775, 10.0311, 0.137898, 0.00270901 ,0.360555, 189.172 ,-700.791
-2.15239, 10.0302, 0.232427, 0.00278657 ,0.511163, 173.877 ,-701.683
-2.19215, 9.96255, 0.146284, 0.0027132 ,0.665331, 265.777 ,-698.736
-2.27041, 10.0777, 0.220546, 0.00290962 ,0.800977, 153.095 ,-699.849
-2.17835, 9.91472, 0.191094, 0.00310177 ,0.047553, 202.566 ,-702.526
-2.07883, 9.99961, 0.174267, 0.00303571 ,0.0184992, 289.173 ,-701.337
-2.35517, 10.1119, 0.262551, 0.00282229 ,0.463434, 105.365 ,-699.817
-2.1008, 9.92581, 0.144539, 0.00277325 ,0.332161, 239.067 ,-701.72
-2.19814, 9.92824, 0.148781, 0.00258137 ,0.317174, 185.842 ,-702.167
-2.32803, 9.9501, 0.146873, 0.00247767 ,0.559249, 137.391 ,-700.647
-2.19034, 9.84603, 0.201888, 0.00241727 ,0.224043, 154.862 ,-701.719
-2.14204, 9.83494, 0.198656, 0.00227016 ,0.763998, 172.801 ,-700.041
-2.14893, 10.0109, 0.218322, 0.00242543 ,0.209134, 200.859 ,-702.309
-2.02862, 10.0938, 0.193565, 0.00263123 ,0.00511036, 183.987 ,-700.288
-2.24676, 10.0567, 0.200352, 0.00257473 ,0.609611, 166.308 ,-701.048
-2.10181, 9.77876, 0.152133, 0.0025009 ,0.107672, 178.028 ,-699.995
-2.16771, 10.0331, 0.193602, 0.00253951 ,0.442423, 202.031 ,-701.985
-2.16478, 10.154, 0.24226, 0.0025212 ,0.0991813, 187.81 ,-700.617
-2.42043, 9.84979, 0.20952, 0.00273747 ,0.378387, 142.393 ,-699.388
-2.26615, 9.97581, 0.209358, 0.00275474 ,0.397111, 125.445 ,-701.719
-2.36238, 9.74451, 0.185529, 0.00311367 ,0.225782, 129.373 ,-700.62
-2.16059, 9.87155, 0.168474, 0.00345741 ,0.425163, 150.649 ,-701.383
-2.15475, 9.98952, 0.264191, 0.00332949 ,0.0013479, 175.055 ,-700.813
-2.33441, 9.94797, 0.14775, 0.00308836 ,0.608784, 195.683 ,-697.996
-2.20594, 9.97076, 0.155464, 0.00334834 ,0.076185, 163.986 ,-702.216
-2.5787, 9.73353, 0.233292, 0.00364534 ,0.437378, 78.7272 ,-697.472
-2.23618, 9.56638, 0.127141, 0.00347174 ,0.179855, 128.609 ,-698.889
-2.19874, 10.052, 0.148426, 0.00321862 ,0.134399, 190.523 ,-700.498
-2.47052, 9.78862, 0.138135, 0.00321533 ,0.335052, 111.164 ,-699.185
-2.19437, 10.014, 0.223591, 0.00306665 ,0.660508, 174.1 ,-701.357
-2.15063, 9.80937, 0.160306, 0.00343619 ,0.196533, 185.324 ,-701.433
-2.19493, 10.0169, 0.214516, 0.00357441 ,0.117804, 131.081 ,-701.562
-2.03554, 10.0464, 0.177258, 0.00406216 ,0.1167, 224.436 ,-701.486
-2.11378, 10.0065, 0.141136, 0.00396072 ,0.15828, 213.008 ,-701.542
-2.06471, 9.92729, 0.212478, 0.00372957 ,0.350216, 217.072 ,-701.176
-2.47359, 9.9009, 0.200377, 0.00395822 ,0.443892, 93.0248 ,-699.728
-2.31274, 10.0205, 0.279704, 0.00378165 ,0.762839, 114.878 ,-698.91
-2.24082, 9.98818, 0.119822, 0.00373687 ,0.736743, 200.669 ,-697.718
-2.05216, 10.1141, 0.199763, 0.00405137 ,0.407417, 231.772 ,-700.273
-2.18642, 9.93505, 0.156304, 0.00424769 ,0.183596, 186.597 ,-702.402
-2.08334, 10.0134, 0.222417, 0.00408572 ,0.38498, 198.55 ,-701.582
-2.3735, 9.81237, 0.212447, 0.0040479 ,0.185858, 99.3876 ,-700.27
-2.12326, 10.0749, 0.223075, 0.00404581 ,0.12176, 160.195 ,-701.481
-2.13593, 10.0285, 0.198301, 0.00423101 ,0.171796, 157.471 ,-701.892
-2.14441, 10.2472, 0.45779, 0.00425182 ,0.113954, 146.959 ,-692.161
-2.31907, 9.98008, 0.263412, 0.00444347 ,0.443024, 112.274 ,-700.199
-2.04783, 9.94195, 0.138992, 0.004531 ,0.189293, 187.052 ,-700.338
-1.95383, 9.94833, 0.201391, 0.0045884 ,0.409286, 311.375 ,-698.313
-2.0084, 9.80457, 0.157589, 0.00450112 ,0.2683, 244.459 ,-698.105
-2.1316, 9.86989, 0.134986, 0.00460211 ,0.211144, 201.456 ,-701.152
-2.26484, 9.87854, 0.153013, 0.00469686 ,0.383966, 125.778 ,-701.024
-2.10073, 9.86618, 0.185049, 0.00457507 ,0.0659066, 161.123 ,-700.91
-2.00334, 10.0478, 0.172509, 0.00447342 ,0.397028, 249.124 ,-700.483
-2.43044, 9.58466, 0.13153, 0.00459641 ,0.417125, 88.8449 ,-698.537
-2.40081, 9.90895, 0.204761, 0.00464718 ,0.0768752, 153.518 ,-699.503
-2.16721, 9.9407, 0.168641, 0.00436404 ,0.252764, 147.476 ,-701.82
-2.25811, 9.815, 0.191171, 0.00382995 ,0.248004, 161.038 ,-701.594
-2.41791, 9.75478, 0.175393, 0.00373835 ,0.572476, 104.571 ,-699.886
-2.28893, 9.82012, 0.104937, 0.00402801 ,0.686182, 154.427 ,-697.663
-2.17751, 9.90268, 0.172236, 0.00420299 ,0.100912, 194.944 ,-702.587
-2.08747, 9.95161, 0.210611, 0.00414586 ,0.384903, 186.256 ,-701.524
-2.23469, 9.94313, 0.182584, 0.004129 ,0.166867, 153.307 ,-702.491
-2.2473, 9.96806, 0.170196, 0.00425339 ,0.126626, 159.88 ,-702.225
-2.39724, 10.1702, 0.259643, 0.00410583 ,0.316883, 87.9658 ,-698.598
-2.21828, 10.0371, 0.17941, 0.00398658 ,0.193599, 157.305 ,-701.825
-1.98296, 9.95608, 0.174205, 0.00372222 ,0.49056, 228.522 ,-699.822
-2.32844, 10.1443, 0.224725, 0.00391663 ,0.0779665, 111.573 ,-699.81
-2.28195, 9.98622, 0.156593, 0.0039117 ,0.351887, 130.153 ,-701.061
-1.97885, 9.98678, 0.166002, 0.0040216 ,0.283489, 219.598 ,-700.116
-2.2229, 9.87723, 0.176121, 0.00373 ,0.425212, 171.711 ,-702.151
-2.34061, 9.62112, 0.152136, 0.00390205 ,0.526402, 106.962 ,-699.054
-2.20423, 9.66661, 0.12984, 0.00388872 ,0.487377, 152.131 ,-699.113
-2.30772, 10.0565, 0.235278, 0.00392488 ,0.0485491, 144.454 ,-701.005
-2.17765, 9.95624, 0.209137, 0.00399311 ,0.229266, 99.5251 ,-698.499
-2.22144, 10.0064, 0.221131, 0.00403309 ,0.687273, 189.76 ,-700.449
-2.06721, 10.1083, 0.202812, 0.00383863 ,0.0658909, 184.885 ,-700.869
-2.04762, 10.0999, 0.241005, 0.00409964 ,0.36542, 135.001 ,-697.869
-2.01361, 9.97232, 0.165842, 0.00387539 ,0.355735, 202.621 ,-700.613
-2.08456, 10.1089, 0.223113, 0.00404476 ,0.268825, 205.935 ,-701.108
-2.10441, 9.83773, 0.168427, 0.00408041 ,0.278684, 269.088 ,-700.196
-2.12795, 9.96933, 0.14177, 0.00419197 ,0.487934, 217.933 ,-701.323
-2.22847, 9.92525, 0.194892, 0.00417235 ,0.264366, 195.798 ,-701.906
-2.39888, 9.6599, 0.0857286, 0.00399214 ,0.382689, 111.324 ,-697.005
-2.28746, 10.0532, 0.254447, 0.0039596 ,0.513357, 146.503 ,-700.497
-2.46871, 9.97676, 0.19956, 0.0037201 ,0.628609, 108.368 ,-699.073
-2.10271, 9.93295, 0.135036, 0.00375047 ,0.184909, 148.627 ,-699.747
-2.30811, 9.67032, 0.186875, 0.00379513 ,0.31675, 152.447 ,-699.162
-2.14488, 10.033, 0.208055, 0.00380022 ,0.47297, 172.38 ,-701.856
-2.16141, 9.79374, 0.203921, 0.00376425 ,0.202061, 192.632 ,-700.379
-2.17254, 9.97451, 0.250798, 0.0032988 ,0.375525, 136.426 ,-700.61
-2.18686, 9.83866, 0.186793, 0.00342714 ,0.359914, 172.836 ,-701.851
-2.19961, 9.88218, 0.19988, 0.00321643 ,0.0552756, 178.942 ,-702.322
-2.23773, 9.9364, 0.22469, 0.00304174 ,0.792622, 188.317 ,-699.88
-2.18442, 9.89924, 0.195841, 0.00340026 ,0.111269, 202.422 ,-702.257
-2.29029, 9.92098, 0.144805, 0.00343311 ,0.380189, 156.787 ,-701.237
-2.15185, 9.68975, 0.139649, 0.00357341 ,0.250463, 136.759 ,-698.352
-2.39609, 9.86751, 0.226668, 0.0035128 ,0.0743409, 153.66 ,-699.027
-2.1874, 10.0423, 0.240945, 0.00332007 ,0.21507, 158.077 ,-701.789
-2.19473, 10.0451, 0.216294, 0.00324066 ,0.641141, 179.663 ,-701.226
-2.01259, 10.0319, 0.196225, 0.0034165 ,0.384674, 307.77 ,-700.291
-2.07137, 10.0822, 0.155637, 0.00355167 ,0.519231, 265.296 ,-698.928
-2.26112, 9.89354, 0.157853, 0.00366026 ,0.562553, 212.558 ,-700.012
-2.02397, 9.86768, 0.143125, 0.00351219 ,0.380403, 291.794 ,-699.015
-2.28317, 9.4404, 0.081378, 0.00385809 ,0.193494, 118.456 ,-698.612
-2.18336, 10.0632, 0.217381, 0.00391245 ,0.204788, 154.548 ,-701.851
-2.37682, 9.95016, 0.158352, 0.00399518 ,0.367577, 103.66 ,-700.108
-2.00333, 10.0797, 0.212585, 0.00412757 ,0.134024, 252.915 ,-700.608
-2.05677, 9.95972, 0.185415, 0.00420678 ,0.508461, 283.264 ,-700.768
-2.11163, 9.88624, 0.139235, 0.00397481 ,0.120077, 165.288 ,-700.681
-2.19411, 9.89076, 0.173246, 0.00393845 ,0.0601528, 178.614 ,-702.603
-2.07497, 10.0172, 0.219454, 0.00411081 ,0.146913, 186.58 ,-701.679
-2.08681, 10.0145, 0.185029, 0.00405641 ,0.282428, 241.636 ,-702.046
-2.25413, 10.1776, 0.254519, 0.00394371 ,0.345304, 125.863 ,-699.95
-2.27006, 9.86641, 0.181822, 0.00393081 ,0.363427, 172.674 ,-701.715
-2.21793, 9.78297, 0.145935, 0.00378665 ,0.1369, 160.351 ,-701.21
-2.07908, 9.88425, 0.16276, 0.00351222 ,0.323996, 263.149 ,-701.136
-2.26192, 9.9732, 0.122079, 0.00351956 ,0.0380516, 142.849 ,-700.238
-2.26354, 10.1093, 0.246178, 0.00344105 ,0.202307, 99.5662 ,-699.589
-2.27086, 9.8587, 0.278873, 0.00332994 ,0.0194108, 143.751 ,-698.598
-2.05417, 9.92491, 0.1761, 0.00322526 ,0.668476, 288.367 ,-699.821
-2.15507, 9.92039, 0.115681, 0.00295703 ,0.383431, 141.391 ,-699.044
-2.29504, 9.9052, 0.178407, 0.00302366 ,0.118167, 135.919 ,-702.114
-2.21976, 9.72306, 0.139053, 0.00276913 ,0.794911, 234.321 ,-696.875
-2.23775, 9.97163, 0.153151, 0.00264948 ,0.507356, 177.743 ,-701.508
-2.10961, 9.96083, 0.215046, 0.0025168 ,0.0041386, 212.716 ,-702.245
-2.01686, 9.9826, 0.134385, 0.00254374 ,0.516587, 268.247 ,-700.18
-2.04294, 9.92709, 0.14604, 0.00248626 ,0.306088, 274.561 ,-701.027
-2.12093, 9.91629, 0.14123, 0.0024701 ,0.143876, 196.096 ,-701.909
-2.18615, 10.0032, 0.15169, 0.00254933 ,0.156663, 158.097 ,-701.724
-2.21891, 10.0712, 0.246708, 0.00268697 ,0.0702405, 152.109 ,-701.587
-2.3877, 9.71468, 0.130323, 0.00260426 ,0.164107, 123.371 ,-699.933
-2.25373, 10.0456, 0.19504, 0.00263003 ,0.458274, 145.362 ,-701.53
-2.2439, 9.90432, 0.217792, 0.00241037 ,0.700124, 140.619 ,-701.193
-2.17517, 9.8469, 0.225216, 0.00237633 ,0.192396, 183.185 ,-700.78
-2.2218, 9.8829, 0.113917, 0.00246717 ,0.0229082, 166.713 ,-700.328
-1.94901, 10.0678, 0.131936, 0.00265903 ,0.373755, 247.394 ,-697.273
-2.18979, 9.925, 0.183986, 0.0027551 ,0.353918, 184.279 ,-702.635
-2.2702, 10.0386, 0.205264, 0.00282854 ,0.062514, 166.132 ,-701.475
-2.1918, 9.94876, 0.163614, 0.00278207 ,0.128155, 172.952 ,-702.618
-2.21403, 9.89218, 0.158589, 0.00293181 ,0.222813, 164.694 ,-702.34
-2.1494, 10.0645, 0.18735, 0.00289432 ,0.100092, 201.755 ,-701.827
-2.29059, 9.92177, 0.219931, 0.00298789 ,0.533624, 131.488 ,-701.444
-2.19475, 9.69088, 0.181371, 0.00276362 ,0.0738071, 165.881 ,-699.586
-2.26249, 9.8563, 0.170325, 0.00282916 ,0.554365, 119.694 ,-700.917
-2.17544, 10.0105, 0.183431, 0.00263946 ,0.194162, 231.112 ,-701.55
-2.19701, 10.1025, 0.297039, 0.00261423 ,0.21776, 153.168 ,-700.081
-2.18673, 9.98209, 0.239107, 0.00262012 ,0.173365, 200.426 ,-701.385
-2.53462, 9.95738, 0.220779, 0.00251851 ,0.039523, 83.0099 ,-698.996
-2.06108, 9.90019, 0.199624, 0.00265716 ,0.0323869, 166.21 ,-700.421
-2.23373, 9.92647, 0.130507, 0.00254271 ,0.576941, 180.308 ,-700.789
-2.08554, 9.98351, 0.172099, 0.00269634 ,0.179302, 202.559 ,-702.437
-2.28641, 9.83403, 0.15247, 0.00274052 ,0.322942, 108.916 ,-700.344
-2.60868, 10.0002, 0.337876, 0.00286708 ,0.214536, 55.9791 ,-695.698
-2.39349, 9.51183, 0.119033, 0.00270543 ,0.56036, 119.825 ,-699.06
-2.53816, 9.50928, 0.0850121, 0.00286494 ,0.243194, 89.8364 ,-697.44
-2.14532, 9.93372, 0.175728, 0.00304297 ,0.562066, 243.164 ,-701.449
-2.13294, 10.0912, 0.249721, 0.00301239 ,0.695515, 192.441 ,-700.081
-2.184, 9.99041, 0.13397, 0.00287652 ,0.104664, 235.721 ,-700.296
-2.23242, 9.7139, 0.183458, 0.00313293 ,0.0507027, 157.452 ,-700.344
-2.20004, 10.0185, 0.194387, 0.00321601 ,0.0503843, 188.86 ,-702.266
-2.18045, 9.86245, 0.163487, 0.00310832 ,0.423746, 199.867 ,-701.928
-2.10414, 9.88109, 0.197583, 0.00314945 ,0.206553, 256.307 ,-700.933
-2.22168, 9.95132, 0.176257, 0.00314854 ,0.24574, 187.995 ,-702.345
-2.28799, 9.71081, 0.190186, 0.00291464 ,0.38227, 172.114 ,-699.315
-2.52319, 9.64404, 0.171909, 0.00285056 ,0.279977, 90.9358 ,-698.73
-2.30144, 10.1352, 0.224542, 0.00331806 ,0.227589, 148.173 ,-699.894
-2.04438, 10.3922, 0.380583, 0.00349158 ,0.213485, 140.206 ,-694.294
-2.13731, 9.90545, 0.204384, 0.003654 ,0.0254781, 211.076 ,-702.12
-2.09442, 10.001, 0.218192, 0.0035572 ,0.362813, 228.535 ,-701.748
-2.29273, 9.97847, 0.179218, 0.00371199 ,0.345917, 210.677 ,-699.193
-2.00978, 10.0919, 0.167961, 0.00367569 ,0.406949, 239.547 ,-699.569
-1.98611, 10.0746, 0.203895, 0.0034508 ,0.0742178, 310.33 ,-699.744
-2.05433, 10.0085, 0.188074, 0.00344087 ,0.180836, 192.102 ,-701.747
-2.13368, 9.92076, 0.156597, 0.00336831 ,0.069265, 193.721 ,-702.467
-2.24239, 10.0338, 0.257635, 0.00332442 ,0.504935, 132.836 ,-700.837
-2.16907, 9.92177, 0.118742, 0.00324529 ,0.373107, 210.879 ,-700.504
-2.27702, 9.8693, 0.201114, 0.00310577 ,0.338139, 119.6 ,-701.386
-2.41227, 9.7697, 0.147514, 0.00293936 ,0.29424, 116.78 ,-700.234
-2.05334, 10.0885, 0.248307, 0.00316147 ,0.0907574, 278.226 ,-699.428
-2.27285, 10.1234, 0.276117, 0.00328454 ,0.161228, 111.56 ,-700.099
-2.20474, 9.86179, 0.198108, 0.00339517 ,0.39343, 175.857 ,-701.9
-2.23347, 10.0597, 0.223483, 0.00334363 ,0.0205986, 140.429 ,-701.763
-2.18208, 9.98073, 0.234003, 0.00355368 ,0.210797, 131.352 ,-701.138
-2.07695, 9.95101, 0.178538, 0.00322819 ,0.209989, 195.308 ,-702.18
-2.02338, 10.0227, 0.16545, 0.00342891 ,0.254194, 309.93 ,-700.532
-2.15037, 10.0452, 0.242816, 0.0036004 ,0.0734814, 147.703 ,-701.347
-2.28648, 10.0743, 0.261946, 0.00344941 ,0.461379, 146.542 ,-700.423
-2.15214, 10.015, 0.170722, 0.00362359 ,0.403492, 189.759 ,-702.073
-2.33748, 9.75285, 0.13975, 0.00402081 ,0.194992, 115.017 ,-700.279
-2.13139, 9.99794, 0.138725, 0.00377845 ,0.257751, 294.805 ,-699.148
-2.10936, 10.0022, 0.177051, 0.00366413 ,0.040544, 224.316 ,-702.501
-2.33549, 9.88261, 0.159063, 0.00351016 ,0.606838, 119.36 ,-700.673
-2.105, 9.99365, 0.131954, 0.00361923 ,0.451292, 268.331 ,-700.073
-2.23181, 9.876, 0.18231, 0.0034475 ,0.525784, 172.411 ,-701.907
-2.22099, 9.9799, 0.195007, 0.00342267 ,0.234988, 201.814 ,-701.828
-2.09156, 9.89375, 0.201002, 0.00320046 ,0.141486, 174.305 ,-701.308
-2.14486, 10.1926, 0.200118, 0.0033029 ,0.272899, 160.92 ,-699.115
-2.18286, 9.9761, 0.234264, 0.00344132 ,0.0298578, 166.762 ,-702.049
-2.33072, 9.71693, 0.177626, 0.00346719 ,0.0887424, 137.929 ,-700.605
-2.2489, 9.90562, 0.177567, 0.0032487 ,0.361882, 146.156 ,-702.236
-2.23258, 10.0157, 0.246485, 0.00340297 ,0.221659, 180.246 ,-701.115
-2.31739, 9.93136, 0.156053, 0.00353598 ,0.355644, 119.965 ,-701.042
-2.18868, 9.99802, 0.239752, 0.00367145 ,0.060564, 205.778 ,-701.201
-2.25285, 10.1366, 0.375385, 0.00360722 ,0.468317, 125.106 ,-696.825
-2.59129, 9.99017, 0.172714, 0.00375052 ,0.0974405, 91.1379 ,-696.976
-2.10603, 9.91127, 0.135786, 0.00371608 ,0.161672, 212.569 ,-701.508
-2.32424, 9.9586, 0.173481, 0.00353734 ,0.0367917, 148.056 ,-701.483
-2.20519, 9.93949, 0.124847, 0.00330691 ,0.937867, 216.012 ,-696.707
-2.18451, 9.92317, 0.199054, 0.00321111 ,0.307335, 240.371 ,-701.006
-2.24732, 9.88258, 0.191347, 0.00338379 ,0.158722, 118.257 ,-701.326
-2.18178, 9.91233, 0.196797, 0.00347837 ,0.296033, 171.002 ,-702.466
-2.25574, 10.0473, 0.275625, 0.00338256 ,0.351202, 104.79 ,-699.628
-2.05773, 9.92545, 0.129647, 0.00318867 ,0.0742651, 288.646 ,-700.231
-2.50496, 9.91756, 0.276214, 0.00310652 ,0.299512, 89.647 ,-698.488
-1.96549, 10.0457, 0.230567, 0.00291985 ,0.705875, 213.3 ,-697.212
-2.36373, 9.89942, 0.201475, 0.00278553 ,0.428916, 111.419 ,-701.14
-2.30865, 10.0334, 0.155152, 0.00281682 ,0.306486, 152.446 ,-700.08
-2.19965, 10.0374, 0.138466, 0.00305524 ,0.038484, 199.853 ,-700.213
-2.20368, 9.95388, 0.197282, 0.00311965 ,0.0294998, 227.327 ,-701.407
-2.24953, 9.89843, 0.211888, 0.00346516 ,0.333272, 184.483 ,-701.405
-2.46505, 10.0999, 0.191858, 0.00354338 ,0.144969, 66.2383 ,-696.55
-2.19322, 9.9083, 0.177219, 0.00329517 ,0.181853, 179.521 ,-702.68
-2.14267, 10.0841, 0.202075, 0.00344245 ,0.198582, 204.185 ,-701.564
-2.11286, 10.0696, 0.255855, 0.00330958 ,0.00636049, 192.028 ,-701.176
-2.11261, 10.0221, 0.179717, 0.00334834 ,0.143227, 232.328 ,-702.16
-2.15167, 9.9915, 0.190644, 0.00303384 ,0.0420781, 198.081 ,-702.761
-2.15706, 10.033, 0.159494, 0.00318557 ,0.0335435, 235.5 ,-700.972
-2.12107, 9.8892, 0.160487, 0.00328226 ,0.22853, 238.465 ,-701.863
-2.25597, 9.85269, 0.150704, 0.0032647 ,0.509507, 146.221 ,-701.378
-2.08095, 10.0343, 0.196918, 0.00374567 ,0.164805, 204.984 ,-702.166
-2.08675, 9.87296, 0.198312, 0.00350396 ,0.0403817, 161.661 ,-700.558
-2.35328, 9.8549, 0.178442, 0.00360425 ,0.501769, 134.02 ,-701.11
-2.29561, 9.50642, 0.125371, 0.00347164 ,0.450373, 143.94 ,-698.806
-2.12736, 9.94743, 0.187225, 0.00373696 ,0.238687, 201.507 ,-702.663
-2.3275, 9.61327, 0.124988, 0.00384934 ,0.358206, 117.26 ,-699.47
-2.50097, 9.98327, 0.294035, 0.00403816 ,0.759172, 71.3912 ,-696.869
-2.26784, 9.88525, 0.191321, 0.00390235 ,0.521271, 151.847 ,-701.754
-2.28708, 10.0792, 0.231798, 0.00394137 ,0.643777, 198.029 ,-697.815
-2.04902, 9.92231, 0.139631, 0.00349741 ,0.204624, 220.16 ,-701
-2.14503, 9.90218, 0.199485, 0.0038097 ,0.313604, 213.017 ,-701.988
-2.0641, 10.0008, 0.149801, 0.00408268 ,0.528016, 277.325 ,-700.391
-2.32601, 10.292, 0.413425, 0.00444813 ,0.331551, 70.7751 ,-694.788
-2.0939, 10.0082, 0.176398, 0.004392 ,0.0704649, 226.635 ,-702.381
-2.22722, 9.8624, 0.169854, 0.00450199 ,0.0757144, 181.231 ,-702.195
